hot_or_not,type_sv,nar_angle,zf_sv,length_log,title_sv,media_type,media_fans_log,type_time_effe,month1,love_sv_log,com_sv_log
热议,传统话题,品牌宣传,中,1,#东京奥运会倒计时1天 长风破浪会有时，直挂云帆济沧海。勇攀高峰吧！还有1天，我们就是一起冒险的伙伴了 #东京奥运会,主办方及授权传播主体,5.276461804,即时性,1,4.806179974,3.386855529
热议,传统话题,品牌宣传,中,1,#东京奥运会倒计时2天 奥林匹克之火，即将点亮世界 距离#东京奥运会 开幕还有2天啦,主办方及授权传播主体,5.276461804,即时性,1,4.301029996,3.08278537
非热议,传统话题,品牌宣传,中,1.477121255,#东京奥运会倒计时4天 2021年7月23日 北京时间19:00  #东京奥运 开幕在即,主办方及授权传播主体,5.276461804,即时性,1,3.294466226,1.633468456
非热议,传统话题,品牌宣传,中,1.477121255,#东京奥运会倒计时3天 还有3天#东京奥运会即将开幕,主办方及授权传播主体,5.276461804,即时性,1,2.627365857,1.447158031
非热议,传统话题,品牌宣传,中,1.079181246,#夺冠2021 东京奥运会倒计时一天，运动健儿们加油！#东京奥运会,其他机构或个人自媒体,5.369215857,即时性,1,2.136720567,0.477121255
热议,传统话题,品牌宣传,中,1,#东京奥运会倒计时3天 山水迢迢，相逢必有时。距离#东京奥运会 开幕还有3天啦,主办方及授权传播主体,5.276461804,即时性,1,3.64246452,2.447158031
非热议,传统话题,品牌宣传,中,1.041392685,#东京奥运会 #倒计时 2天#奥运会,其他机构或个人自媒体,2.230448921,即时性,1,0,0
非热议,传统话题,品牌宣传,中,1,#东京奥运会倒计时4天 星河滚烫，梦想绽放。距离#东京奥运会 开幕还有4天啦,主办方及授权传播主体,5.276461804,即时性,1,3.232487866,1.995635195
非热议,传统话题,品牌宣传,中,0.903089987,东京奥运会倒计时3天,其他机构或个人自媒体,6.171726454,即时性,1,2.426511261,0.698970004
非热议,传统话题,品牌宣传,中,2.164352856,东京奥运会倒计时（上）你喜欢奥运会的什么项目？ #东京奥运会  #奥运  #明星  #老外  #外国人,其他机构或个人自媒体,4.763427994,即时性,1,0,0
热议,传统话题,品牌宣传,中,0.954242509,东京奥运会倒计时4天，开幕式音乐临阵生变，作曲家小山田圭吾因丑闻辞职……,主办方及授权传播主体,7.615118523,即时性,1,3.825036441,2.1430148
热议,传统话题,品牌宣传,中,1,#东京奥运会倒计时5天 黑暗尽头，光芒渐亮。距离#东京奥运会 开幕还有5天啦,主办方及授权传播主体,5.276461804,即时性,1,3.487703863,2.06069784
非热议,传统话题,品牌宣传,中,0.698970004,东京奥运会倒计时7天！为奥运健儿加油！#东京奥运会 #倒计时,其他机构或个人自媒体,5.699837726,即时性,1,1.785329835,0.903089987
非热议,传统话题,品牌宣传,中,1.113943352,#东京奥运会 开幕式彩排曝光！#东京奥运 开幕倒计时3天，你期待哪场比赛呢？#奥运会,其他机构或个人自媒体,6.691788524,即时性,1,2.436162647,0.602059991
非热议,传统话题,品牌宣传,中,1.72427587,东京奥运会倒计时2天！东京都媒体中心长啥样？里面放了啥好吃的？#奥运会 #东京奥运会 #媒体 #日本,其他机构或个人自媒体,6.0923697,即时性,1,1.672097858,0.602059991
非热议,传统话题,品牌宣传,中,1.322219295,东京奥运会倒计时5天！备战东京！中国加油！,其他机构或个人自媒体,6.866700756,即时性,1,2.158362492,0
非热议,传统话题,品牌宣传,中,1.77815125,东京奥运会最后10天倒计时！奥运村今天正式开村,主办方及授权传播主体,7.060999853,即时性,1,3.4827307,1.740362689
非热议,传统话题,品牌宣传,中,1.397940009,#奥运会开幕式 7月23日晚上8：00，来看奥运会开幕式～@抖音小助手,其他机构或个人自媒体,3.716420734,即时性,1,1.579783597,0
非热议,传统话题,品牌宣传,中,2.025305865,这个国家决定退出东京奥运会，史上第三次弃赛！背后原因有点心酸 #夺冠2021,其他机构或个人自媒体,6.0923697,即时性,1,1.716003344,0
非热议,传统话题,品牌宣传,中,1.041392685,朱婷回应担任旗手：目标还是升国旗、奏国歌！#东京奥运会倒计时,其他机构或个人自媒体,5.699837726,即时性,1,1.612783857,0
非热议,传统话题,品牌宣传,中,2.658964843,东京奥运倒计时8天，博尔特8金PK菲鱼单届8金神话！#夺冠2021 #奥运会,体育专业媒体,6.386142109,即时性,1,2.88592634,1.491361694
非热议,传统话题,品牌宣传,中,2.336459734,日本人不认识奥运吉祥物！说“温故知新”是日语？！揭秘奥运会徽。#夺冠2021,其他机构或个人自媒体,5.46686762,长期,0,2.267171728,1.278753601
非热议,传统话题,品牌宣传,中,2.033423755,日本人不认识奥运吉祥物！说“温故知新”是日语？！揭秘奥运会徽。,其他机构或个人自媒体,6.98583049,长期,0,1.278753601,0
非热议,传统话题,品牌宣传,中,1.477121255,“奥运主题月”之4月“奥运百科”第8期：吉祥物这个蓝娃娃的名字叫：Miraitowa，是2020东京奥运会,其他机构或个人自媒体,1.491361694,长期,0,0.84509804,0
非热议,传统话题,品牌宣传,中,1.643452676,#东京奥运会 快开始了，带大家一起认识一下东京奥运会吉祥物Miraitowa~,体育专业媒体,4.361727836,长期,0,2.089905111,0.77815125
非热议,传统话题,品牌宣传,中,1.838849091,#又到周六啦 这周?讲一讲 #东京奥运会 #吉祥物背后的故事,主办方及授权传播主体,5.281033367,长期,0,3.137354111,1.653212514
非热议,传统话题,品牌宣传,中,2.158362492,倒计时100天,其他机构或个人自媒体,4.740362689,长期,0,1.342422681,0
非热议,传统话题,品牌宣传,中,1.544068044,第4集 | 2020东京奥运吉祥物来咯，是不是很可爱#2020东京奥运会 #东京奥运会 @抖音小助手 #奥运会,其他机构或个人自媒体,1.477121255,长期,0,1.591064607,0.84509804
非热议,传统话题,品牌宣传,中,1.176091259,东京和北京奥运会吉祥物，哪个设计更好呢。附带最近奥运会吉祥物设计！#奥运直击,其他机构或个人自媒体,2.537819095,长期,0,2.173186268,1.230448921
非热议,传统话题,品牌宣传,中,2.285557309,#索尼克在2020东京奥运会#夺冠2021,其他机构或个人自媒体,0.301029996,长期,0,0.301029996,0
非热议,传统话题,品牌宣传,中,1.544068044,2020东京奥运吉祥物来咯，是不是很可爱#2020东京奥运会 #东京奥运会 @抖音小助手 #奥运会,其他机构或个人自媒体,1.477121255,长期,0,1.301029996,0.954242509
非热议,传统话题,品牌宣传,中,1.380211242,假期小课堂开始啦！敲黑板，搬板凳！今天教了啥，记住了没？#东京2020 #日语教室 #吉祥物,主办方及授权传播主体,5.281033367,长期,0,2.447158031,0.77815125
非热议,传统话题,品牌宣传,中,1.568201724,因奥运延期日本毁约浴巾一套四条，会徽+吉祥物。70*140超大规格，加厚精梳纯棉，官方正品！实用和收藏俱,其他机构或个人自媒体,3.120902818,长期,0,0.954242509,0
非热议,传统话题,品牌宣传,中,1.672097858,#东京残奥会开幕式日期为2021年8月24日，来一起认识一下东京奥运会吉祥物Someity吧~,体育专业媒体,4.361727836,长期,0,2.127104798,0.602059991
非热议,传统话题,品牌宣传,中,1.633468456,2020年东京奥运会和残奥会吉祥物名称公布啦！,主办方及授权传播主体,6.666330744,短期,0,0.301029996,0
热议,传统话题,品牌宣传,中,1.748188027,第13集 | 龟仓雄策，1964年东京奥运会会徽设计者，日本现代平面设计之父，他树立了日本设计的顶级标杆。#设计 #日本设计,其他机构或个人自媒体,5.158362492,长期,0,3.912859475,2.437750563
非热议,传统话题,品牌宣传,中,1.62324929,这是最凄凉的一届吉祥物吧？东京奥运会现状#奥运会 #我在东京看奥运 #东京奥运会 @DOU+小助手,其他机构或个人自媒体,5.662757832,长期,0,2.572871602,1.301029996
非热议,传统话题,品牌宣传,中,0.84509804,日本东京2020奥运会吉祥物MIraitowa和Someity，为大家送来小心心，中国加油，等待你们的来临。,其他机构或个人自媒体,7.075072263,长期,0,2.944482672,0
非热议,传统话题,品牌宣传,中,1.770852012,东京奥运会吉祥物Miraitowa的短片,主办方及授权传播主体,5.281033367,长期,0,2.437750563,0.903089987
非热议,传统话题,突发事件,中,1.041392685,保 持 距 离 ，请 戴 口 罩 ！宣传防疫，从奥运做起#安利战疫新姿势 #东京奥运会 #战胜疫情dou行动,其他机构或个人自媒体,4.69019608,长期,0,1.716003344,0.301029996
非热议,传统话题,品牌宣传,中,1.591064607,东京奥运会机器人吉祥物“未来”和“永远”高调亮相。#东京奥运会,体育专业媒体,5.190331698,长期,0,2.209515015,0
非热议,传统话题,品牌宣传,中,0.77815125,东京2020奥运会吉祥物，为大家送来小心心，中国加 油，等待你们的来临。#2020东京奥运会 #东京奥运,其他机构或个人自媒体,1.477121255,长期,0,0.84509804,0.602059991
非热议,传统话题,要素解读,中,2.158362492,东京奥运  我在现场 | 探馆东京奥运会主场馆——国立竞技场#东京奥运会 #日本东京,主办方及授权传播主体,6.486855355,长期,0,1.968482949,0
非热议,传统话题,要素解读,中,1.86332286,东京奥运会主场馆耗资千亿，竟然连空调都没有？#东京奥运会  #开幕式,其他机构或个人自媒体,4.763427994,长期,0,1.113943352,0.602059991
非热议,传统话题,要素解读,中,1.69019608,第3集 | 明天就是2020东京奥运会的开幕式了，今天带大家来抢鲜看一下比赛场馆内部！#日本 #奥运 #东京奥运会,其他机构或个人自媒体,3.212720154,长期,0,1.322219295,0.301029996
非热议,传统话题,要素解读,中,1.322219295,东京奥运会排球馆射击馆没空调。#东京奥运会 #中国女排 #克服困难 #炎热夏季 #夺冠2021 #热点爆料,其他机构或个人自媒体,3.5594278,长期,0,0,0
非热议,传统话题,要素解读,中,1.924279286,4天后开幕！东京奥运会场馆怎么样了？一起来看,其他机构或个人自媒体,5.037426498,长期,0,1.568201724,0
非热议,传统话题,要素解读,中,1.414973348,用风扇代替空调能凉快吗？快来看看翻修重建的东京奥运会主体育场吧#夺冠2021,非授权商业媒体,4.698970004,长期,0,1.792391689,0.301029996
非热议,传统话题,要素解读,中,1.431363764,东京奥运会开幕在即！昨晚在东京奥运会主场馆——国立竞技馆进行了东京奥运会的开幕式彩排。#奥运会 #东京奥运会,非授权商业媒体,4.698970004,长期,0,2.617000341,0
非热议,传统话题,要素解读,中,1.51851394,4天后开幕！东京奥运会场馆怎么样了？一起来看,其他机构或个人自媒体,3.570893036,长期,0,0.77815125,0
非热议,传统话题,突发事件,负,1.322219295,东京奥运主场馆发生性侵案，男子称女子是自愿 #东京奥运主场馆发生性侵案，男子称女子是自愿,非授权商业媒体,5.290034611,长期,0,1.278753601,0
非热议,传统话题,要素解读,中,1.602059991,奥运场馆抢先看！东京奥运会网球比赛主会场——有明网球场真容一览#夺冠2021,其他机构或个人自媒体,1.716003344,长期,0,2.053078443,0.301029996
非热议,传统话题,突发事件,负,1.204119983,东京奥运主场馆发生性侵案，嫌疑男子辩称：你情我愿。,主办方及授权传播主体,7.379668034,长期,0,3.49248101,1.672097858
非热议,传统话题,突发事件,负,1.230448921,#东京奥运主场馆发生性侵案：一名兼职的外籍学生涉嫌性侵女性。,非授权商业媒体,7.462891914,长期,0,3.934195349,1.908485019
热议,传统话题,要素解读,负,2.041392685,日本只会耍小聪明，东京奥运会到底想干嘛？#创作灵感 #东京奥运会 #夺冠2021 #乒乓球 #国际乒联 #中国力量 #奥委会 @DOU+小助手,其他机构或个人自媒体,3.970904498,长期,0,3.606703741,2.326335861
非热议,传统话题,要素解读,负,1.62324929,奥运场馆抢先看！探秘东京奥运会体操馆，一起来围观各国运动员赛前训练~#夺冠2021,其他机构或个人自媒体,1.716003344,长期,0,1.799340549,0
非热议,传统话题,要素解读,负,1.230448921,刘国梁用脚丈量东京奥运会场馆：场地小了 担心选手跑动安全#奥运 #乒乓球 #东京奥运会,主办方及授权传播主体,4.431363764,长期,0,1.672097858,0
非热议,传统话题,要素解读,负,1.079181246,东京奥运会开幕式场馆发生性侵案：乌兹别克斯坦留学生涉嫌性侵日本女性被捕,其他机构或个人自媒体,5.802773725,长期,0,2.338456494,0.301029996
非热议,传统话题,要素解读,负,0.84509804,东京奥运会开幕式场馆发生性侵案，乌兹别克斯坦留学生涉嫌性侵日本女性被捕。,其他机构或个人自媒体,6.558588583,长期,0,3.27485032,1.447158031
非热议,传统话题,要素解读,负,0.77815125,安全问题堪忧！东京奥运主场馆发生性侵案#东京奥运会 #日本 @DOU+小助手,其他机构或个人自媒体,5.600972896,长期,0,2.40654018,1
非热议,传统话题,要素解读,负,0.954242509,7月18日，据日媒报道，东京奥运会开幕式场馆传出丑闻，一乌兹别克斯坦籍兼职人员涉嫌性侵一日本女性。,主办方及授权传播主体,5.904715545,长期,0,2.421603927,0.698970004
非热议,传统话题,要素解读,负,1.959041392,从7月24号开始，东京奥运会的乒乓球比赛将在这里举行。现在就跟人民日报记者的镜头一起去探访一下吧。#东京奥运会,主办方及授权传播主体,6.486855355,长期,0,2.041392685,0.301029996
非热议,传统话题,要素解读,负,1.230448921,东京奥运会主场馆发生性侵案，30岁兼职外籍男子被捕,其他机构或个人自媒体,6.029789471,长期,0,1.84509804,0.301029996
热议,传统话题,要素解读,正,1.491361694,这样的奥运会，感觉还挺可爱的~#奥运会 #夺冠2021,体育专业媒体,6.385963571,长期,0,3.160468531,2.10720997
热议,传统话题,要素解读,中,0.77815125,第568集 | 东京奥运会东京都内所有场馆空场举办#日本#奥运会,其他机构或个人自媒体,5.7355989,长期,0,3.726727209,2.255272505
非热议,传统话题,要素解读,中,1.792391689,让日本人高攀不起的天价奥运会体育馆！#东京奥运会#奥运会#科普#日本#建筑设计#体育馆#东京@DOU+小助手,其他机构或个人自媒体,1.939519253,长期,0,2.250420002,0.698970004
热议,被动回应,突发事件,负,0.77815125,距离开幕式只剩一天！东京奥运会开闭幕式节目导演被辞退！#东京奥运会,主办方及授权传播主体,7.559810902,即时性,1,4.579783597,2.100370545
非热议,被动回应,突发事件,负,1.826074803,东京奥组委解雇开幕式导演！黑历史被曝光，作品曾涉及种族问题,体育专业媒体,6.086715664,即时性,1,2.604226053,0.602059991
非热议,被动回应,突发事件,负,1.113943352,第10集 | 东京奥运会开幕前一天，因曾制作调侃屠杀犹太人视频，开闭幕式导演被辞退。,非授权商业媒体,7.033946203,即时性,1,3.192567453,1.568201724
非热议,被动回应,突发事件,负,1.431363764,第357集 | #东京奥运会开幕式导演被解聘，曾制作调侃屠杀犹太人视频#东京奥运会 #夺冠2021,非授权商业媒体,5.848189117,即时性,1,0.84509804,0
非热议,被动回应,突发事件,负,1.255272505,东京奥运开幕式导演小林贤太郎被免职，曾制作调侃屠杀犹太人视频。,非授权商业媒体,7.401210926,即时性,1,2.866877814,0.602059991
非热议,被动回应,突发事件,负,0.84509804,#东京奥运会开闭幕式导演被辞退！原因是被批不尊重人权~#东京奥运会,其他机构或个人自媒体,6.772395061,即时性,1,2.652246341,0.301029996
非热议,被动回应,突发事件,负,1.633468456,第222集 | #夺冠2021 #东京奥运会开幕式导演被解聘东京奥运会开幕在即多位工作人员连续因丑闻被辞退#政媒原创作者联盟,其他机构或个人自媒体,5.220108088,即时性,1,1.447158031,0
非热议,被动回应,突发事件,负,1.041392685,东京奥运会开幕式还能举行吗？离开幕式仅剩1天，开闭幕式导演被解聘……,其他机构或个人自媒体,6.701481636,即时性,1,2.719331287,1
非热议,被动回应,突发事件,负,0.954242509,#东京奥运会开幕式导演被解聘 就离谱……明天东京奥运会开幕，今天开幕式导演小林贤太郎却被解聘了～,其他机构或个人自媒体,5.872738827,即时性,1,2.92890769,1.505149978
非热议,被动回应,突发事件,负,1.113943352,前有“人头气球”的美术企划，后有纸壳床铺，如今导演被辞退，奇葩操作连连#奥运会 #东京奥运会开闭幕式导演被辞退,非授权商业媒体,6.260071388,即时性,1,2.652246341,1.079181246
非热议,被动回应,突发事件,负,1.301029996,距离东京奥运会开幕仅一天，开闭幕式导演被辞退……#东京奥运会开闭幕式导演被辞退,非授权商业媒体,6.887842265,即时性,1,1.602059991,0.301029996
非热议,被动回应,突发事件,负,1.146128036,7月22日，#东京奥运会开闭幕式导演被辞退,非授权商业媒体,6.394801777,即时性,1,2.598790507,0.477121255
非热议,被动回应,突发事件,负,0.954242509,东京奥运会开闭幕式导演因受到犹太人团体的谴责被辞退，7月23日晚，东京奥运会就将迎来开幕式···,其他机构或个人自媒体,7.110522373,即时性,1,2.775974331,1.62324929
非热议,被动回应,突发事件,负,1.255272505,东京#奥运会真的好抓马，不到最后一刻，你都不知道奥运会还能不能举办,其他机构或个人自媒体,6.217220656,即时性,1,2.033423755,0.77815125
非热议,被动回应,突发事件,负,0.77815125,距东京奥运会开幕式仅剩1天，东京奥组委22日宣布，解聘开幕式导演小林贤太郎！#东京奥运会,主办方及授权传播主体,7.615065841,即时性,1,3.419625361,1.322219295
非热议,被动回应,突发事件,负,0.903089987,#东京奥运会 距离东京奥运会开幕还有一天，开闭幕式导演被辞退……,其他机构或个人自媒体,6.146128036,即时性,1,2.492760389,0.84509804
非热议,被动回应,突发事件,负,0.84509804,开幕式前一天导演被辞退 #东京奥运会开闭幕式导演被辞退 #东京奥运会,其他机构或个人自媒体,6.594060901,即时性,1,2.852479994,1.544068044
非热议,被动回应,突发事件,负,0.77815125,东京奥运会开幕前一天，开幕式节目导演被辞退。#东京奥运会,非授权商业媒体,7.139879086,即时性,1,3.143639235,1.255272505
非热议,被动回应,突发事件,负,1,"7月22日, 据日媒: #东京奥运会开闭幕式导演被辞退 , 据悉明日将迎来东京奥运会开幕式 #夺冠2021",其他机构或个人自媒体,6.294686624,即时性,1,3.108565024,1.591064607
非热议,被动回应,突发事件,负,1.041392685,东京奥运会开幕式节目导演被辞退#东京奥运会开幕式导演被解聘,其他机构或个人自媒体,6.282168778,即时性,1,1.146128036,0
非热议,被动回应,突发事件,负,1.204119983,离开幕式不到2天，开闭幕式导演被辞退。网友：这届奥运会槽点满满#东京奥运会,其他机构或个人自媒体,4.69019608,即时性,1,1.176091259,0
非热议,被动回应,突发事件,负,0.84509804,第9集 | #东京奥运会 马上开幕了，导演被解聘了。,非授权商业媒体,6.083860801,即时性,1,1.826074803,0
非热议,被动回应,突发事件,负,1.079181246,东京奥运会这是怎么了！继东京奥运会开闭幕式的作曲人辞职后，离开幕不到两天时间东京奥运会开闭幕式导演又被辞退,非授权商业媒体,6.96997473,即时性,1,2.392696953,0
非热议,被动回应,突发事件,负,0.77815125,#东京奥运会 #东京奥运会开闭幕式导演被解聘 明天开幕，今天解聘？？阿这………#重庆dou知道,其他机构或个人自媒体,4.531478917,即时性,1,1.707570176,0.301029996
热议,传统话题,品牌宣传,正,2.230448921,#2020东京奥运会 动态图标公布后，瞬间刷爆了朋友圈！ #日本  @抖音小助手,其他机构或个人自媒体,5.158362492,即时性,1,4.73239376,3.474216264
非热议,传统话题,品牌宣传,正,1.380211242,东京奥运会首次使用动态图标！你能认出哪些运动项目？ #东京奥运会,主办方及授权传播主体,7.559822869,即时性,1,3.051152522,1.531478917
非热议,传统话题,品牌宣传,正,1.672097858,#东京奥运会 有创意！东京奥运会比赛项目动态图标展示@DOU+小助手,体育专业媒体,3.983265353,长期,1,2.563481085,0.84509804
非热议,传统话题,品牌宣传,正,1.832508913,第1集 | 码起来，东京奥运会动态图标设计，将被广泛运用在各大比赛场馆和赛事转播中。,其他机构或个人自媒体,5.064457989,即时性,1,2.729974286,1.397940009
非热议,传统话题,品牌宣传,正,1.77815125,#东京奥运会50个竞技项目的动态图标,主办方及授权传播主体,5.278753601,短期,1,2.403120521,0.954242509
热议,传统话题,品牌宣传,正,1.041392685,历史首次！东京奥运会创新推出动态图标！,主办方及授权传播主体,8.079181246,即时性,1,4.929418926,2.245512668
非热议,传统话题,品牌宣传,正,1.568201724,#东京奥运 又一新创意出炉！正式发布各奥运比赛项目的动态图标！,体育专业媒体,5.836324116,即时性,1,1.86923172,0.698970004
非热议,传统话题,品牌宣传,正,1.477121255,东京奥运会和残奥会项目的动态图标首次公布 #东京奥运会#东京残奥会 #动态图表,主办方及授权传播主体,5.278753601,即时性,1,3.035429738,1.380211242
非热议,传统话题,品牌宣传,正,1.556302501,ae动效设计原则-节奏感#ae #ui设计 #东京奥运会 #动效 #mg动画 @DOU+小助手,其他机构或个人自媒体,4.176091259,长期,1,3.232233521,1.322219295
非热议,传统话题,品牌宣传,正,1.531478917,东京奥运会今天发布了史上首次动态图标！,其他机构或个人自媒体,3.690107439,即时性,1,2.774516966,0.954242509
非热议,传统话题,品牌宣传,正,1.968482949,#2020东京奥运会 动态图标设计师的作品，原来都这么有#创意 #设计,其他机构或个人自媒体,5.158362492,即时性,1,2.693726949,1.462397998
非热议,传统话题,品牌宣传,正,1.176091259,动感有趣！东京 2020 年奥运会动态图标设计发布,其他机构或个人自媒体,6.663040975,即时性,1,2.471291711,0.77815125
非热议,传统话题,品牌宣传,正,1.591064607,有创意！东京奥运会首次使用动态图标！#东京奥运会 #体坛热闻,体育专业媒体,5.802773725,即时性,1,2.326335861,0.77815125
非热议,传统话题,品牌宣传,正,1,【#2020东京奥运会首次使用动态图标#】73个图标形象栩栩如生，视觉效果精彩极了！,其他机构或个人自媒体,6.677333151,即时性,1,3.636989102,1.322219295
热议,传统话题,品牌宣传,正,1.602059991,ae动效设计原则-预备动作#ae #ui设计 #动效 #东京奥运会 #mg动画 @DOU+小助手,其他机构或个人自媒体,4.176091259,长期,1,3.842484424,2.012837225
非热议,传统话题,品牌宣传,正,1.799340549,第57集 |  #2020东京奥运会 动态图标设计师是日本知名设计师，广村正彰。一经推出，好评如潮！#设计 #知识创作人,其他机构或个人自媒体,5.158362492,短期,1,2.679427897,1.146128036
非热议,传统话题,品牌宣传,正,1.643452676,这样的奥运动态图标见过吗？这是第一次以动画方式制作图标。#2020东京奥运,其他机构或个人自媒体,6.205745541,即时性,1,1.838849091,0
非热议,传统话题,品牌宣传,正,2.51054501,2020东京奥运会首次使用动态图标，设计棒极了,其他机构或个人自媒体,3.245265839,即时性,1,0.84509804,0
非热议,传统话题,品牌宣传,正,1.672097858,东京奥运会受疫情影响可能推迟，欣赏下由日本设计师广村正彰，井口皓太耗时一年制作的动态图标吧#东京奥运会推迟,其他机构或个人自媒体,4.447158031,短期,1,1.633468456,0.477121255
热议,传统话题,品牌宣传,正,1.431363764,东京奥运会动态图标，由广村正彰设计并由井口皓太进行动态制作#东京奥运会,其他机构或个人自媒体,3.462996612,即时性,1,3.111262514,2.243038049
非热议,传统话题,品牌宣传,正,1.361727836,惊艳亮相！东京奥运会首次使用动态图标 #东京奥运会 #日本,其他机构或个人自媒体,5.978180517,即时性,1,1.740362689,0.477121255
非热议,传统话题,品牌宣传,正,1.491361694,快来围观：好玩儿！2020东京奥运会首次使用动态图标#东京奥运会,其他机构或个人自媒体,5.658011397,即时性,1,1.643452676,0
非热议,传统话题,品牌宣传,正,1.361727836,首次！东京奥运会推出动态比赛项目图标,主办方及授权传播主体,6.91824009,即时性,1,3.041787319,1.146128036
非热议,传统话题,品牌宣传,正,1.462397998,东京奥运会首次使用动态图标，1964年东京奥运会上，也是日本首次静态推出了项目图标！#东京奥运会 #东京,其他机构或个人自媒体,4.740362689,即时性,1,1.342422681,0
非热议,被动回应,突发事件,负,2.267171728,日本要和全世界为敌？福岛核食登上奥运餐桌，拒绝透露任何消息,非授权商业媒体,7.303433666,短期,1,3.171141151,1.672097858
热议,被动回应,突发事件,负,1.397940009,第20集 | 东京奥运餐厅提供福岛食材#东京奥运会 #福岛食材将被推上奥运会餐桌,非授权商业媒体,7.088915347,短期,1,4.204119983,2.161368002
非热议,被动回应,突发事件,负,1,东京奥运菜单遭多国代表团反对#奥运会 #福岛 @抖音小助手 @DOU+小助手,其他机构或个人自媒体,6.047274867,短期,1,3.75151005,1.698970004
非热议,被动回应,突发事件,负,0.77815125,怕吃福岛食材 韩国在奥运村“自起炉灶” 福岛知事：这是偏见！#东京奥运会 #福岛,其他机构或个人自媒体,6.002166062,短期,1,3.724521627,1.944482672
非热议,被动回应,突发事件,负,1.838849091,东京奥运村食堂放弃宣传福岛食材 所有食材不标明产地,其他机构或个人自媒体,6.379486814,短期,1,1.681241237,0
非热议,被动回应,突发事件,负,1.380211242,韩国将对奥运选手在日食材进行放射性筛查#奥运会 #东京奥运会 #福岛核污水,非授权商业媒体,5.260071388,短期,1,2.1430148,0
非热议,被动回应,突发事件,负,0.84509804,#韩国代表团：将对选手在日食材进行放射性筛查#东京奥运会#福岛食材将被推上奥运会餐桌,其他机构或个人自媒体,6.186391216,短期,1,2.045322979,0
非热议,被动回应,突发事件,负,0.903089987,第6集 | 据外媒报道， 韩国奥运代表团将对选手在日食材进行放射性筛查。,非授权商业媒体,7.033946203,短期,1,3.141449773,1.322219295
热议,被动回应,突发事件,负,0.84509804,距离东京奥运开幕还有4天，奥运村餐厅将使用来自核泄露区——福岛的食材#奥运会,其他机构或个人自媒体,7.167346878,短期,1,4.322219295,2.173186268
热议,被动回应,突发事件,负,0.903089987,近日，#东京奥运村主食堂放弃宣传福岛食材，所有食材不标明产地。可能闭幕后公布奥运期间哪些菜单使用了福岛食材,其他机构或个人自媒体,7.683452311,短期,1,3.797821311,2.220108088
非热议,被动回应,突发事件,负,1.491361694,东京奥运抽盲“核”？？#日奥组委称奥运村食材将不标明福岛产地   #福岛 #政媒原创作者联盟 #夺冠2021,其他机构或个人自媒体,5.220108088,短期,1,2.604226053,0.954242509
热议,被动回应,突发事件,负,1.301029996,东京奥运村主食堂所有食材不标明产地#日本 #东京奥运会,主办方及授权传播主体,7.530532658,短期,1,4.72427587,2.086359831
热议,被动回应,突发事件,负,1.278753601,第11集 | 奥运餐厅福岛食材闭幕后才公开，确诊选手国籍名字不公布，好家伙，#东京奥运会 全靠猜？,非授权商业媒体,6.865044722,短期,1,3.731427587,2.008600172
非热议,被动回应,突发事件,负,1.880813592,多国运动员不买账福岛食材，害怕放射性物质，奥运村无奈放弃宣传,体育专业媒体,6.086715664,短期,1,3.143639235,0.77815125
非热议,被动回应,突发事件,负,0.954242509,日本为奥运村福岛食材辩解：我们的放射性物质标准是世界上最严格的#奥运会 #福岛核废水排放入海,其他机构或个人自媒体,6.232233521,短期,1,2.679427897,0.954242509
非热议,被动回应,突发事件,负,2.045322979,日本“盛情款待”！奥运会餐桌惊现福岛特产，韩国：我们自带盒饭  #奥运会 #日本 #福岛,其他机构或个人自媒体,4.477121255,短期,1,0,0
热议,被动回应,突发事件,负,1,东京奥运餐厅的福岛食材闭幕后才会公开,其他机构或个人自媒体,5.995196292,短期,1,4.477121255,2.133538908
非热议,被动回应,突发事件,负,0.954242509,#日本政府曾计划通过奥运宣传福岛食材 #东京奥运主食材改为不标明食材产地,其他机构或个人自媒体,6.594171479,短期,1,2.773786445,1.447158031
非热议,被动回应,突发事件,负,1.041392685,距#东京奥运 开幕还有4天，奥运村餐厅将使用来自核泄漏区福岛的食材，官员称奥运闭幕后将公布菜单。#福岛食材,其他机构或个人自媒体,6.513883186,短期,1,3.441066407,1.968482949
非热议,被动回应,突发事件,负,0.77815125,东京奥运会菜单有福岛比目鱼？韩国奥运代表团将自备盒饭 。,其他机构或个人自媒体,5.956648579,短期,1,2.565847819,0.698970004
非热议,非传统话题,要素解读,正,2.602059991,110米跨栏居然破世界纪录！Switch版2020东京奥运实机上手体验！,其他机构或个人自媒体,4.643452676,短期,1,2.63447727,1.414973348
非热议,非传统话题,要素解读,正,1.380211242,2020东京奥运会官方唯一手游上线啦！玩到停不下来！#摸摸鱼 #阿贝试玩 #索尼克在2020东京奥运会,其他机构或个人自媒体,6.387923467,长期,1,3.364175633,1.447158031
非热议,非传统话题,要素解读,正,2.217483944,日本玩家很会玩！《2020东京奥运官方游戏》原来链球要女仆来投,其他机构或个人自媒体,3.856184927,短期,1,1.361727836,0.477121255
非热议,非传统话题,要素解读,正,2.432969291,吉祥物也要上场战斗！《2020东京奥运官方游戏》篮球比赛超乎想象,其他机构或个人自媒体,3.856184927,短期,1,1.447158031,0
非热议,非传统话题,要素解读,正,1.977723605,老外玩出了格斗的感觉！《2020东京奥运官方游戏》柔道加入,其他机构或个人自媒体,3.856184927,短期,1,1.041392685,0
非热议,非传统话题,要素解读,正,3.001300933,官方游戏的进化！《2020东京奥运官方游戏》试玩体验,其他机构或个人自媒体,3.856184927,短期,1,0.301029996,0
非热议,非传统话题,要素解读,正,1.748188027,2020东京奥运会官方正版游戏4合1，马里奥与索尼克联合演出#手机游戏 #东京奥运会 #日本 #马里奥,其他机构或个人自媒体,4.113943352,短期,1,2.113943352,0.954242509
非热议,非传统话题,要素解读,正,2.843855423,老陈说体育 东京奥运会终于来了 官方游戏模拟中国军团出击第一期,其他机构或个人自媒体,2.880241776,长期,1,0,0
非热议,非传统话题,要素解读,正,2.305351369,不知道你国球打得好不好？《2020东京奥运官方游戏》乒乓球上手,其他机构或个人自媒体,3.856184927,短期,1,1.832508913,0.301029996
非热议,非传统话题,要素解读,正,2.834420704,手速快你才能赢！《2020东京奥运官方游戏》柔道项目依旧是挑战,其他机构或个人自媒体,3.856184927,短期,1,0.84509804,0
非热议,非传统话题,要素解读,正,2.432969291,看台服玩家打拳击！《2020东京奥运官方游戏》原来可以随意参赛,其他机构或个人自媒体,3.856184927,短期,1,0.698970004,0
非热议,非传统话题,要素解读,正,2.149219113,感觉还是个按键游戏！《2020东京奥运官方游戏》BMX原来如此疯狂,其他机构或个人自媒体,3.856184927,短期,1,1.447158031,0.477121255
非热议,非传统话题,要素解读,正,2.320146286,怎么比都是男女一起！《2020东京奥运官方游戏》游泳赛事走一遭,其他机构或个人自媒体,3.856184927,短期,1,0.77815125,0
非热议,非传统话题,要素解读,正,1.342422681,造型已经胜过一切了！《2020东京奥运官方游戏》乒乓球这样玩,其他机构或个人自媒体,3.856184927,短期,1,1.380211242,0.477121255
非热议,非传统话题,要素解读,正,2.423245874,性别平等非常重要！《2020东京奥运官方游戏》男女同时参加比赛,其他机构或个人自媒体,3.856184927,短期,1,0.301029996,0
非热议,非传统话题,要素解读,正,2.1430148,穿成什么样都能夺冠！《2020东京奥运官方游戏》跨栏也是比手速,其他机构或个人自媒体,3.856184927,短期,1,0.903089987,0.602059991
非热议,非传统话题,要素解读,正,2.181843588,这位大神很有节奏感！《2020东京奥运官方游戏》110米栏金牌到手,其他机构或个人自媒体,3.856184927,短期,1,1,0
非热议,非传统话题,要素解读,正,2.26245109,在这里不要担心性别平等！《2020东京奥运官方游戏》跨栏大赛,其他机构或个人自媒体,3.856184927,短期,1,0.77815125,0
非热议,非传统话题,要素解读,正,1.477121255,刚才是谁射的门？《2020东京奥运官方游戏》不愧正规比赛,其他机构或个人自媒体,3.856184927,短期,1,0.77815125,0
非热议,非传统话题,要素解读,正,1.770852012,看那个敏捷的胖子！#东京奥运会 #沙雕游戏,其他机构或个人自媒体,2.478566496,短期,1,2.113943352,0.77815125
非热议,非传统话题,要素解读,正,2.100370545,跨栏什么的最帅气了！《2020东京奥运官方游戏》男女搭配比赛不累,其他机构或个人自媒体,3.856184927,短期,1,0.301029996,0
非热议,非传统话题,要素解读,正,2.424881637,日本玩家的造型好评！《2020东京奥运官方游戏》全身铠甲打拳击,其他机构或个人自媒体,3.856184927,短期,1,0,0
热议,传统话题,明星团队,正,1.301029996,丁宁：国内高手太多，还是奥运冠军好拿啊#奥运会 #乒乓球 #神操作,体育专业媒体,6.825231323,即时性,1,6.183839037,4.447158031
热议,传统话题,明星团队,正,1.477121255,非洲乒乓球选手想打破中国选手在奥运赛场上的统治，来看看他的球技如何？#夺冠2021 #中国乒乓球 #东京奥运会 （编辑：未央）,体育专业媒体,5.599883072,即时性,1,5.936010796,4.414973348
热议,传统话题,明星团队,正,1.322219295,好了，现在又多了一个#看奥运会 的理由#田径 #美女  #夺冠2021,体育专业媒体,6.825231323,即时性,1,5.774516966,4.255272505
热议,传统话题,明星团队,正,1,#中国女篮 出征#东京奥运会 #女篮李梦 就要如此自信豪横#我们当红不让 @保利置业湖北 #夺冠2021,体育专业媒体,4.851258349,即时性,1,5.763427994,4.079181246
热议,传统话题,明星团队,正,1.531478917,日本人有多佩服国乒？听完东京电视台这段解说你就知道了……#奥运会 #乒乓球 #马龙 #夺冠2021,体育专业媒体,6.825231323,即时性,1,5.707570176,4.230448921
热议,传统话题,明星团队,正,1.255272505,9秒98！苏炳添在奥运会选拔赛中再破10秒夺冠！霸气！奥运会加油！,主办方及授权传播主体,8.079181246,即时性,1,5.691965103,3.987040287
热议,传统话题,明星团队,正,1.51851394,东京奥运会，华人显神威！中国队加油！@朱婷 #夺冠2021 #全民为中国健儿加油,其他机构或个人自媒体,7.000954398,即时性,1,5.682145076,3.523095838
热议,传统话题,明星团队,正,1.447158031,东京奥运会，王霜誓要弥补五年前里约的遗憾#奥运会 #中国女足 #夺冠2021,体育专业媒体,6.825231323,即时性,1,5.550228353,3.764475027
热议,传统话题,明星团队,正,1.278753601,为中国女篮加油！姚明带队，中国女篮抵达东京 #夺冠2021,非授权商业媒体,7.407407902,即时性,1,5.475671188,2.292256071
热议,传统话题,明星团队,正,1.230448921,王研雯已随队出征东京，祝愿这个叫“雯”的姑娘，在奥运会上能有所斩获！加油！ #夺冠2021 #歌曲战无不胜,体育专业媒体,6.402089351,即时性,1,5.419955748,3.430719888
热议,传统话题,明星团队,正,1.361727836,马龙这记神龙摆尾帅炸天！东京奥运会，乒乓球GOAT再为梦想出发！#奥运会 #夺冠2021 #歌曲战无不胜,体育专业媒体,6.825231323,即时性,1,5.382017043,3.507045872
热议,传统话题,明星团队,正,1.113943352,#夺冠2021东京奥运，或许是他们的最后一届奥运了,其他机构或个人自媒体,6.429429264,即时性,1,5.378397901,3.396896449
热议,传统话题,明星团队,正,2.11058971,达标东京奥运会！王春雨跑出1分59秒42夺800米冠军，恭喜@王春雨 #2021全国田径冠军赛暨奥运会选拔赛,体育专业媒体,6.406199424,即时性,1,5.348304863,4.255272505
非热议,传统话题,明星团队,正,1,祝中国健儿在东京奥运会上勇往直前，再创佳绩！#夺冠2021 #夺冠变装挑战,其他机构或个人自媒体,7.610702739,即时性,1,5.318063335,1.740362689
热议,传统话题,明星团队,正,1.204119983,世乒赛首金！许昕/刘诗雯战胜日本组合混双夺冠，为国争光！混双可是东京奥运会的正式比赛项目！加油！,主办方及授权传播主体,8.079181246,即时性,1,5.315970345,3.91481898
热议,传统话题,明星团队,正,1.176091259,就让中国最帅女篮球队员杨舒予燃爆东京的夏天吧，冲！球场王者#篮球 #冠军 #杨舒予 #杨舒予出征东京奥运会,其他机构或个人自媒体,4.322219295,即时性,1,5.31386722,4.431363764
热议,传统话题,明星团队,正,1.204119983,德国田径队公布参加东京奥运会的名单，有“世界最性感运动员”之称的艾丽卡·施密特出征东京奥运。 #夺冠2021,其他机构或个人自媒体,7.401176442,即时性,1,5.26245109,2.397940009
非热议,传统话题,明星团队,正,1.643452676,第49集 | #中国体育史上100个难忘瞬间（49）：#宫金杰和钟天使 里约奥运会夺冠，实现自行车奥运“零的突破”。#自行车,体育专业媒体,5.127104798,即时性,1,5.260071388,1.903089987
热议,传统话题,明星团队,正,1.342422681,每次看到这段画面，都热泪盈眶，可惜改规则以后再也看不到了！国乒出征剑指五金！ #夺冠2021 #歌曲战无不胜,体育专业媒体,6.402089351,即时性,1,5.190331698,3.457579147
热议,传统话题,明星团队,正,0.954242509,#夺冠2021#中国选手申请出战 1. 东京奥运，我们来了！！ #夺冠变装挑战,其他机构或个人自媒体,3.964825118,即时性,1,5.187520721,4.301029996
热议,传统话题,明星团队,正,1.230448921,2020首冠来了！#孙杨 真棒，期待你在东京奥运会上升国旗，奏国歌！#孙杨夺冠 #拼搏70,体育专业媒体,6.172018809,即时性,1,5.161368002,3.164352856
非热议,传统话题,要素解读,正,1.397940009,#东京奥运会将首次采用阿里云支撑全球转播，国际奥委会主席巴赫称“感谢中国技术为奥运带来了科技上的创新和进步”。,其他机构或个人自媒体,6.347330015,即时性,1,3.056523724,0.698970004
非热议,传统话题,要素解读,正,2.413299764,日本东京夏季奥运会有哪些高科技？KellyOnTech,其他机构或个人自媒体,1.681241237,即时性,1,0.301029996,0
非热议,传统话题,要素解读,正,1.857332496,东京奥运上的中国科技！#巴赫感谢中国技术#夺冠2021,其他机构或个人自媒体,5.361727836,即时性,1,2.374748346,0.84509804
非热议,传统话题,要素解读,正,1.643452676,#东京奥运会引入黑科技“共享”运动员心跳 云鼓掌#东京奥运会中的黑科技 #政媒原创作者联盟,其他机构或个人自媒体,5.220108088,即时性,1,3.254306332,0
非热议,传统话题,要素解读,正,1.322219295,1988年以来，奥运会传统福利受到了巨大的挑战！东京出了创纪录的变态创新！#奥运会 #科技 @DOU+小助手,其他机构或个人自媒体,3.789086915,即时性,1,0.477121255,0.301029996
非热议,传统话题,要素解读,正,1.568201724,中国科技助力东京打造首次“云上奥运”，#国际奥委会主席感谢中国技术,非授权商业媒体,6.351603072,即时性,1,1.924279286,0
非热议,传统话题,要素解读,正,1.079181246,中国云技术助力东京“云上奥运”，奥运科技变迁史上重要突破 #夺冠2021 #国际奥委会主席感谢中国云技术,非授权商业媒体,6.021189299,即时性,1,1.812913357,0.477121255
非热议,传统话题,要素解读,正,2.472756449,2021东京奥运会黑科技1,其他机构或个人自媒体,1.414973348,即时性,1,0,0
非热议,传统话题,要素解读,正,1.698970004,东京奥运会的纸床板到底有啥用？#doudream创作者计划 #科技成长计划 #奥运会 #科技周周 #环保,其他机构或个人自媒体,5.120573931,即时性,1,2.738780558,1.278753601
非热议,传统话题,要素解读,正,1.897627091,#国际奥委会主席感谢中国云技术 #夺冠2021 中国“云技术”助力奥运走向数字化，让更多人能够看到奥运！,非授权商业媒体,6.262688344,即时性,1,2.167317335,0.698970004
非热议,传统话题,要素解读,正,1.69019608,#国际奥委会主席感谢中国云技术 因疫情防控，东京奥运接近空场，全球赛事转播将由阿里巴巴提供云技术,其他机构或个人自媒体,6.594171479,即时性,1,1.72427587,0
非热议,传统话题,要素解读,正,1.77815125,#东京奥运会  揭秘奥运跑道的科技内涵,体育专业媒体,1.62324929,即时性,1,0.698970004,0
非热议,传统话题,要素解读,正,1.633468456,#国际奥委会主席感谢中国云技术 东京奥运会或将成为史上首个云转播的奥运会。#奥运会 #科技,其他机构或个人自媒体,5.64246452,即时性,1,1.740362689,0
热议,传统话题,要素解读,正,1.397940009,#东京奥运会 #东京奥运会又推出巨型木偶造型 兄弟们，看看这又一力作,其他机构或个人自媒体,2.62324929,即时性,1,3.491641793,2.451786436
非热议,传统话题,要素解读,正,1.672097858,#国际奥委会主席感谢中国云技术 对今年的奥运来说，技术至关重要，奥组委主席巴赫认为今年将是最具数字化的一届奥运,非授权商业媒体,6.865044722,即时性,1,3.079904468,1.342422681
非热议,传统话题,要素解读,正,1.919078092,#东京奥运会  #东京奥运会规则   #奥运代表队 奥运村设备偷工减料，妄想从内部逐步击垮？,体育专业媒体,5.684845362,即时性,1,3.273232834,1.079181246
非热议,传统话题,要素解读,正,1.707570176,东京奥运的转播太酷了吧 #未来 #黑科技 #疫情全知道 #奥运会 #竞速 #3d #英特尔 #阿里巴巴 #抖音冠军pk赛,其他机构或个人自媒体,2.357934847,即时性,1,0.84509804,0
非热议,传统话题,要素解读,正,2.290034611,探秘2020东京奥运场馆 这些“黑科技”你见过吗？,其他机构或个人自媒体,6.770925615,即时性,1,0,0
非热议,传统话题,要素解读,正,1,#国际奥委会主席感谢中国云技术 #夺冠2021 东京奥运会在中国帮助下实现“云上奥运” 国际奥委会主席感谢中国云技术,非授权商业媒体,6.983310486,即时性,1,2.774516966,1.491361694
热议,传统话题,要素解读,正,1.113943352,第374集 | 东京奥运会明晚开幕。人脸热气球，巨型人偶等艺术作品相继亮相，因设计过于"阴间"，被吐槽不接地气，但接"地府"。,其他机构或个人自媒体,7.431846046,即时性,1,4.462397998,3.607133204
非热议,传统话题,要素解读,正,1.812913357,#东京奥运会倒计时100天 看科技如何加持体育竞技，快速提高运动员训练成绩！,非授权商业媒体,6.234264124,即时性,1,3.831677849,1.986771734
热议,传统话题,明星团队,正,1.397940009,第40集 | 日本选手赛前称感觉能赢马龙，上场后瞬间被打醒：原来都是幻觉…… #奥运会 #乒乓球 #马龙,体育专业媒体,6.824256038,长期,1,6.499824496,4.963787827
热议,传统话题,明星团队,正,1.832508913,第28集 | 三名韩国选手包夹，她硬是突出重围奇迹翻盘！短道1500米金牌从此江山易主！#周洋 #奥运会 #经典,体育专业媒体,6.824256038,长期,1,6.373831145,4.903089987
热议,传统话题,明星团队,正,1.544068044,第73集 | 当他用脑袋全速向终点线撞去那一刻，我泪目了#奥运会 #名场面 #体育精神,体育专业媒体,6.824256038,长期,1,6.305136319,4.568201724
热议,传统话题,明星团队,正,1.62324929,第43集 | 日本选手摔拍怒吼挑衅国乒，刘国梁急了：“就别让他们活！”结局太解气！#奥运会 #乒乓球 #经典,体育专业媒体,6.824256038,长期,1,6.260071388,4.579783597
热议,传统话题,明星团队,正,1.73239376,第4集 | #致敬经典 #国乒 面对日本男乒的挑衅，“不懂球的胖子”刘国梁指导霸气放话：别让他们活了，明白吗！@抖音小助手,体育专业媒体,5.5132176,长期,1,6.244524512,4.662757832
热议,传统话题,明星团队,正,1.204119983,第9集 | 0-2落后不放弃！王霜任意球世界波破门！反击从现在开始！#王霜梅开二度 #中国女足挺进东京奥运会,体育专业媒体,6.824256038,长期,1,6.243286146,4.73239376
热议,传统话题,明星团队,正,1.770852012,里约奥运会最震撼瞬间，博尔特看过后都惊呆了！#奥运会 #田径 #名场面 #夺冠2021 #中国速度,体育专业媒体,6.824256038,长期,1,6.201123897,4.633468456
热议,传统话题,明星团队,正,1.397940009,那个对着刘国梁“吼”的日本球员水谷榫被打懵了，马龙这一球拉得他“怀疑人生”！#马龙 #中国骄傲,体育专业媒体,6.172018809,长期,1,6.185542155,4.397940009
热议,传统话题,明星团队,正,1.176091259,让这个“不懂球的胖子”告诉你什么叫做中国人的自信。决战东京，中国队加油！,主办方及授权传播主体,7.614728525,长期,1,6.121231455,4.397940009
热议,传统话题,明星团队,正,1.568201724,第78集 | 当“东方神鹿”开始冲刺，对手直接没影了！身披国旗绕场庆祝一幕成永恒经典#奥运会 #名场面 #长跑,体育专业媒体,6.824256038,长期,1,6.093771781,4.230448921
热议,传统话题,明星团队,正,1.740362689,第10集 | 人类历史最精彩接力决赛！美国队以为金牌稳了，直到博尔特接棒…… #奥运会 #田径 #博尔特 #夺冠2021,体育专业媒体,6.824256038,长期,1,5.971275849,4.568201724
热议,传统话题,明星团队,正,1.643452676,第7集 | 北京奥运会最经典瞬间，牙买加闪电划破鸟巢夜空！#奥运会 #博尔特,体育专业媒体,6.824256038,长期,1,5.932980822,4.380211242
热议,传统话题,明星团队,正,1.431363764,“经典回顾”：奥运史上最完美的一跳—陈艾森,其他机构或个人自媒体,7.197004728,长期,1,5.914343157,3.751433082
热议,传统话题,明星团队,正,1.602059991,第12集 | 王霜：我们从来没想过放弃，即使是冲也要把对手冲垮！#中国女足挺进东京奥运会 #王霜梅开二度,体育专业媒体,6.824256038,长期,1,5.908485019,4.531478917
热议,传统话题,明星团队,正,1.361727836,张继科突然发力对手被打懵了#体育 #乒乓球 #张继科@抖音小助手,其他机构或个人自媒体,5.025305865,长期,1,5.876794976,3.483444648
热议,传统话题,明星团队,正,1.361727836,加时绝杀韩国！中国女足晋级东京奥运会！给女足姑娘们赞一个，争气,主办方及授权传播主体,8.079181246,长期,1,5.840106094,4.51851394
热议,传统话题,明星团队,正,1.278753601,东京奥运会火炬传递首日，圣火意外熄灭,非授权商业媒体,7.407050815,长期,1,5.816903839,4.84509804
热议,传统话题,明星团队,正,1.77815125,第6集 | #奥运史上经典一刻，18岁美国姑娘单腿撑起整个体操队，泪目。#奥运记忆,体育专业媒体,5.340444115,长期,1,5.814247596,3.914713287
热议,传统话题,明星团队,正,1.698970004,当雷德蒙一步步跳向终点时，看台上的父亲冲进了赛场#感动 #奥运会 #田径,其他机构或个人自媒体,6.44870632,长期,1,5.698970004,3.720076573
热议,传统话题,明星团队,正,1.301029996,完整的我们，有什么理由不努力？#奥运精神 #泪目瞬间,其他机构或个人自媒体,6.428782511,长期,1,5.639486489,2.338456494
热议,非传统话题,赛事周边,负,0.903089987,东京奥运赛场上空出现巨大“人头气球”，20米长6层楼高，旨在“人脸也是风景的一部分”理念,非授权商业媒体,7.316808752,即时性,1,6.026941628,5.193124598
非热议,非传统话题,赛事周边,负,1.968482949,恐怖电影现场？东京惊现巨型玩偶+人头气球，网友：太吓人了！,体育专业媒体,6.086715664,即时性,1,3.26599637,1.716003344
热议,非传统话题,赛事周边,负,0.903089987,别怕！这只是个气球～东京上空为奥运准备的“人头气球”，晚上真的还会发光,非授权商业媒体,7.316808752,即时性,1,5.394451681,2.463892989
热议,非传统话题,赛事周边,负,1.113943352,这也太吓人了！东京巨型人脸气球晚上发光，胆小者慎入！,其他机构或个人自媒体,4.278753601,即时性,1,3.863025296,3.403463701
热议,非传统话题,赛事周边,负,1.146128036,,主办方及授权传播主体,6.95230801,即时性,1,4.301029996,2.243038049
热议,非传统话题,赛事周边,负,0.903089987,7月16日东京奥运赛场上空现20米高巨大人脸气球 ，晚上有“惊喜”，会闪光。设计团队说旨在体现“人脸也是风景”,其他机构或个人自媒体,7.683461312,即时性,1,5.120573931,4.278753601
热议,非传统话题,赛事周边,负,1.079181246,东京上空现巨型人偶,其他机构或个人自媒体,5.439332694,即时性,1,3.615107987,2.745074792
热议,非传统话题,赛事周边,负,1.079181246,东京奥运赛场上空的巨型人脸气球晚上还会闪光！网友：这下更睡不着了,非授权商业媒体,6.87875152,即时性,1,4.612783857,4.204119983
热议,非传统话题,赛事周边,负,0.903089987,白天看见这么大的“人头”也就算了，咋晚上也不放过还会发光，看着太渗人了……,其他机构或个人自媒体,7.137449063,即时性,1,4.146128036,3.561220679
非热议,非传统话题,赛事周边,负,1.612783857,被全网吐槽的东京奥运会巨大人头像，原来背后并不简单,其他机构或个人自媒体,5.906335042,即时性,1,0.301029996,0
热议,非传统话题,赛事周边,负,1,这艺术有点吓人啊！为迎接奥运，东京奥运赛场上空出现巨大人脸气球！,其他机构或个人自媒体,6.072249898,即时性,1,3.341830057,2.593286067
热议,非传统话题,赛事周边,负,1.204119983,东京奥运赛场上空现巨大人脸气球，在夜色中闪着光……,非授权商业媒体,7.407441895,即时性,1,4.903089987,4.255272505
非热议,非传统话题,赛事周边,负,1.361727836,东京奥运会现10米高巨型木偶。,其他机构或个人自媒体,3.565847819,即时性,1,2.975891136,0.954242509
热议,非传统话题,赛事周边,负,1,吓到睡不着觉！东京奥运赛场上空出现巨大人头， 网友惊呼太恐怖！,非授权商业媒体,6.96997473,即时性,1,4.113943352,2.222716471
非热议,非传统话题,赛事周边,负,1,,其他机构或个人自媒体,5.897077003,即时性,1,2.541579244,1.322219295
热议,非传统话题,赛事周边,负,0.903089987,画风有点跑偏？奥运开幕在即，,其他机构或个人自媒体,6.203304916,即时性,1,4.255272505,2.942999593
非热议,非传统话题,赛事周边,负,1.342422681,日本“人头”气球晚上还会发光！,其他机构或个人自媒体,3.565847819,即时性,1,2.600972896,1.505149978
非热议,非传统话题,赛事周边,负,1.322219295,脑洞大开的“人头气球”谁想出来的？,其他机构或个人自媒体,5.964730921,即时性,1,2.997386384,1.301029996
非热议,非传统话题,赛事周边,负,1.301029996,,非授权商业媒体,4.531478917,即时性,1,2.149219113,1.462397998
非热议,非传统话题,赛事周边,负,1.322219295,东京奥运会奇葩，惊现巨型人头气球和木偶,体育专业媒体,0.477121255,即时性,1,0.602059991,0
热议,非传统话题,赛事周边,负,1.204119983,,其他机构或个人自媒体,5.988558957,即时性,1,2.625312451,2.053078443
热议,非传统话题,赛事周边,负,0.903089987,7月16日，日本东京上空浮现神秘巨大人头气球，为迎接奥运特别设计。,其他机构或个人自媒体,7.053347392,即时性,1,4.041392685,3.503790683
非热议,非传统话题,赛事周边,负,0.84509804,东京奥运赛场上看到这个属实有点瘆人…网友：太诡异了！,其他机构或个人自媒体,6.36567514,即时性,1,2.598790507,1.785329835
非热议,非传统话题,赛事周边,负,1.342422681,东京上空巨型人脸气球,其他机构或个人自媒体,2.622214023,即时性,1,2.309630167,1.414973348
热议,传统话题,要素解读,负,1.361727836,第11集 | 在奥运主会场强奸日本女性 乌兹别克斯坦留学生被捕#东京奥运会开幕式会场发生强奸案,非授权商业媒体,7.097048965,即时性,1,6.36361198,5.290034611
热议,传统话题,要素解读,正,1.544068044,2001年7月13日，北京奥运会申奥成功；2008年8月8日，北京奥运会开幕。你还记得这个瞬间吗？,其他机构或个人自媒体,6.135132651,即时性,1,5.7084209,3.949682691
热议,传统话题,要素解读,正,2.056904851,世界公认最成功的五届奥运会开幕式！,其他机构或个人自媒体,4.770852012,即时性,1,5.592176757,2.127104798
热议,传统话题,要素解读,负,1.079181246,这。。。真的是大无语事件,其他机构或个人自媒体,6.06483222,即时性,1,5.440909082,4.505149978
热议,传统话题,要素解读,正,1.51851394,东京奥运会迎来“最特别代表团”,主办方及授权传播主体,7.151523068,即时性,1,5.301029996,2.045322979
热议,传统话题,要素解读,负,1.176091259,#东京奥运会开幕式总导演让艺人扮猪，真的引起大家的不适#娱乐播报台,其他机构或个人自媒体,6.766710207,即时性,1,5.285557309,3.575880316
热议,传统话题,要素解读,负,1.204119983,中国男篮37年首次无缘奥运会，更无缘有人担任旗手！#朱婷赵帅担任东京奥运会中国代表团旗手#中国男篮#姚明 #姚明退役十周年,其他机构或个人自媒体,5.303196057,即时性,1,5.245512668,3.619615006
热议,传统话题,要素解读,中,1.278753601,东京奥运会开幕式出场顺序公布：777人的中国代表团将在第111位出场！,主办方及授权传播主体,7.355547296,即时性,1,5.136720567,3.736237099
非热议,传统话题,要素解读,中,1.763427994,国际奥委会：如果新冠肺炎疫情在5月下旬得不到控制，2020年东京奥运会可能将被取消，而不是推迟或换城市举办。,其他机构或个人自媒体,5.187520721,即时性,1,5.117271296,1.633468456
热议,传统话题,要素解读,中,1.361727836,耗时6年！#东京奥运会 213套和服出炉，中国款祥云配龙袍惊艳四座#资讯,其他机构或个人自媒体,7.167435494,即时性,1,5.053078443,3.827175348
热议,传统话题,要素解读,中,0.903089987,东京奥运开幕式出场顺序公布！中国代表团第111个出场,其他机构或个人自媒体,7.11058971,即时性,1,5.004321374,3.393399695
热议,传统话题,要素解读,中,1.602059991,#奥运会开幕式 精彩回顾之2012#伦敦奥运会 开幕式⑤#贝克汉姆 的圣火传递片段@DavidBeckham,主办方及授权传播主体,5.283301229,即时性,1,5.004321374,3.550717423
热议,传统话题,要素解读,中,1.079181246,近日，东京奥运会开幕式中国体育代表团旗手朱婷发表感言：我们的目标还是升国旗，奏国歌。#建党百年,非授权商业媒体,7.461948495,即时性,1,4.968482949,2.267171728
热议,传统话题,要素解读,中,0.954242509,对东京奥运会的“最新打击”？国际奥委会主席会见日本东道主，误称他们为“中国人”,非授权商业媒体,6.96997473,即时性,1,4.959041392,2.064457989
热议,传统话题,要素解读,中,1.447158031,46岁“奶奶级”选手丘索维金娜再战东京！她8闯奥运会，背后的原因感动了全世界……,非授权商业媒体,7.379704269,即时性,1,4.886490725,3.263162465
热议,传统话题,要素解读,中,1.041392685,#东京奥运开幕式中国代表团第111个出场 ，为中国奥运健儿加油！,非授权商业媒体,6.184407485,即时性,1,4.857332496,3.351989455
热议,传统话题,要素解读,中,0.954242509,婷帅！朱婷、赵帅担任东京奥运会开幕式中国军团旗手,主办方及授权传播主体,7.355547296,即时性,1,4.838849091,2.214843848
热议,传统话题,要素解读,中,1.748188027,回顾奥运会开幕式震撼瞬间（上） #奥运会  #暑期知识大作战,其他机构或个人自媒体,6.336859821,即时性,0,4.812913357,3.117271296
热议,传统话题,要素解读,中,1.924279286,奥运中国代表团第111位出场，网友们说的都对#创作灵感 #奥运会出场 #中国代表团 #第一名 #奥运冠军 #平安凯旋 #中国力量 @DOU+小助手,其他机构或个人自媒体,4,即时性,1,4.792391689,3.369957607
热议,传统话题,要素解读,中,1.113943352,担心东京奥运会空场太冷清？日本或放机器人当观众……#夺冠2021,非授权商业媒体,6.413467413,即时性,1,4.716003344,2.103803721
热议,传统话题,明星团队,正,1.579783597,东京奥运会开幕式各国旗手比身高，朱婷赵帅一览众山小~ #东京奥运会 #夺冠2021 #朱婷赵帅担任中国奥运旗手,其他机构或个人自媒体,5.029383778,即时性,1,3.500510911,2.227886705
热议,传统话题,明星团队,正,0.954242509,婷帅！朱婷、赵帅担任东京奥运会开幕式中国军团旗手,主办方及授权传播主体,7.355547296,即时性,1,4.838849091,2.214843848
非热议,传统话题,明星团队,正,1,#朱婷 确定为#东京奥运会开幕式中国代表团旗手，夏季#奥运会开幕式中国首位女旗手！#加油,其他机构或个人自媒体,6.833784375,即时性,1,3.674401813,1.954242509
热议,传统话题,明星团队,正,0.77815125,第10集 | 官宣！朱婷、赵帅担任东京奥运会开幕式中国体育代表团旗手,主办方及授权传播主体,8.079181246,即时性,1,5.745855195,3.88337749
非热议,传统话题,明星团队,正,1.602059991,神仙情侣！东京奥运会中国代表团旗手赵帅与奥运冠军郑姝音花式秀恩爱#东京奥运会旗手 #东京奥运会,其他机构或个人自媒体,5.565847819,即时性,1,1.72427587,0
热议,传统话题,明星团队,正,1,东京奥运会中国体育代表团官宣双旗手！将由中国女排朱婷、跆拳道运动员赵帅共同担任。#歌曲战无不胜,其他机构或个人自媒体,5.88422877,即时性,1,4.431363764,2.944482672
热议,传统话题,明星团队,正,1.079181246,近日，东京奥运会开幕式中国体育代表团旗手朱婷发表感言：我们的目标还是升国旗，奏国歌。#建党百年,其他机构或个人自媒体,7.461948495,即时性,1,4.968482949,2.267171728
热议,传统话题,明星团队,正,0.77815125,官宣双旗手！#朱婷赵帅担任东京奥运中国代表团旗手 #夺冠2021,非授权商业媒体,7.033946203,即时性,1,4.146128036,2.274157849
热议,传统话题,明星团队,正,1.301029996,#河南 姑娘朱婷担任中国奥运旗手，父亲回应：下劲啊姑娘 #夺冠2021 #朱婷,其他机构或个人自媒体,6.114944416,即时性,1,4.681241237,3.24674471
热议,传统话题,明星团队,正,1.934498451,#东京奥运会 #朱婷爸爸发声 #朱婷奥运旗手 别有用心！日本网红拉下口罩强行和刘诗雯合影,体育专业媒体,5.685741739,即时性,1,3.715919817,2.178976947
热议,传统话题,明星团队,正,1.079181246,恭喜赵帅，跆拳道项目荣耀时刻#跆拳道 #奥运会,其他机构或个人自媒体,5.336459734,即时性,1,4.113943352,2.378397901
热议,传统话题,明星团队,正,0.903089987,7月17日，#中国体育代表团 宣布，#东京奥运会开幕式  中国体育代表团旗手。#奥运会 #你怎么看,其他机构或个人自媒体,7.167435494,即时性,1,4.146128036,2.475671188
非热议,传统话题,明星团队,正,1.397940009,#朱婷赵帅担任东京奥运会中国代表团旗手 #朱婷#奥运会 #中国女排#为出征的体育健儿打call #夺冠2021,其他机构或个人自媒体,4.755874856,即时性,1,3.341434525,1.62324929
非热议,传统话题,明星团队,正,0.954242509,#美国代表团正式公布东京奥运会开幕式旗手，由棒球选手艾迪-阿尔瓦雷兹和女篮球员苏-伯德担任，杜兰特无缘,体育专业媒体,5.857935265,即时性,1,3.017033339,1.851258349
非热议,传统话题,明星团队,正,0.903089987,官宣，双旗手！,非授权商业媒体,6.884398826,即时性,1,3.059563418,1
非热议,传统话题,明星团队,正,1.968482949,确定了！朱婷赵帅任东京奥运中国代表团旗手，奥运史首位女旗手#夺冠2021 #东京奥运会  #夺冠2021,体育专业媒体,3.654369091,即时性,1,2.245512668,1.278753601
非热议,传统话题,明星团队,正,1.322219295,东京奥运中国旗手朱婷：我们的目标还是升国旗奏国歌#奥运会 #世界冠军 #女排 #冠军,其他机构或个人自媒体,5.653212514,即时性,1,2.257678575,0.903089987
热议,传统话题,明星团队,正,0.84509804,官宣双旗手！朱婷、赵帅担任#东京奥运会开幕式#中国体育代表团旗手@抖音小助手,其他机构或个人自媒体,5.957128198,即时性,1,4.612783857,2.730782276
非热议,传统话题,明星团队,正,1.301029996,7月18日朱婷回应担任东京奥运会开幕式中国体育代表团旗手：是荣誉，也是责任！#奥运会 #致敬 #体育精神 #冠军 #朱婷,其他机构或个人自媒体,7.167435494,即时性,1,3.254789687,1.612783857
非热议,传统话题,明星团队,正,1.919078092,创造历史！朱婷与跆拳道赵帅担任奥运旗手，朱婷成中国首位女旗手 #夺冠2021,体育专业媒体,6.086715664,即时性,1,2.810232518,1.278753601
非热议,传统话题,明星团队,正,0.903089987,官宣！朱婷、赵帅担任东京奥运会开幕式中国体育代表团旗手。中国加油，闪耀东京,非授权商业媒体,7.316808752,即时性,1,3.383994789,1.755874856
热议,非传统话题,要素解读,中,0.903089987,东京奥运赛场上空出现巨大“人头气球”，20米长6层楼高，旨在“人脸也是风景的一部分”理念,非授权商业媒体,7.316724984,即时性,1,6.026941628,5.193124598
热议,非传统话题,要素解读,中,1.146128036,日本推出了一个高达10米的巨型牵线木偶，作为东京奥运会的文化项目之一。,主办方及授权传播主体,7.151247237,即时性,1,5.998695158,5.139879086
热议,非传统话题,要素解读,中,1.531478917,日本人有多佩服国乒？听完东京电视台这段解说你就知道了……#奥运会 #乒乓球 #马龙 #夺冠2021,体育专业媒体,6.825101412,即时性,1,5.706717782,4.230448921
热议,非传统话题,要素解读,中,1.51851394,东京奥运会，华人显神威！中国队加油！@朱婷 #夺冠2021 #全民为中国健儿加油,其他机构或个人自媒体,7.000954398,即时性,1,5.673020907,3.520745472
热议,非传统话题,要素解读,中,0.954242509,日媒8日报道：日本专家推算#东京奥运会如空场日本将损失1450亿 包括观众和参与者消费，周边商品销售损失等等,其他机构或个人自媒体,7.683470314,即时性,1,5.62324929,2.356025857
热议,非传统话题,要素解读,中,1.84509804,超酷！为迎接东京奥运会，日本画了各国专属动漫形象。 #动漫 #二次元,其他机构或个人自媒体,5.113943352,即时性,1,5.456366033,4
热议,非传统话题,要素解读,中,0.84509804,环球网报道：4月19日，东京奥组委宣布#福岛食材将被推上奥运会餐桌 而韩国表示将考虑自带食材参加东京奥运会,其他机构或个人自媒体,7.683470314,即时性,1,5.397940009,2.255272505
热议,非传统话题,要素解读,中,0.903089987,别怕！这只是个气球～东京上空为奥运准备的“人头气球”，晚上真的还会发光,非授权商业媒体,7.316724984,即时性,1,5.394451681,2.462397998
热议,非传统话题,要素解读,中,1.322219295,#俄罗斯 教练吐槽东京奥运村：简直像在中世纪#东京奥运会,主办方及授权传播主体,7.530519856,即时性,1,5.392696953,2.209515015
热议,非传统话题,要素解读,中,0.954242509,九敏！7月17日，继夜间巨型发光人脸气球后，#东京奥运会又推出巨型木偶造型 高达10米，它会吐气，眼睛还会动,其他机构或个人自媒体,7.683470314,即时性,1,5.387389826,4.653212514
热议,非传统话题,要素解读,中,1.079181246,#东京奥运赛场上空出现巨大人脸 这是日本一个现代艺术组合做的企划项目，约20米，相当于6层楼高。你怎么看？#娱乐评论大赏,其他机构或个人自媒体,6.349083169,即时性,1,5.305351369,4.414973348
热议,非传统话题,要素解读,中,1.531478917,陈若琳最无解一跳：分数还没出来对手直接摇头，解说员惊叹！ "我在抖音看奥运?"东京奥运会,其他机构或个人自媒体,6.411956238,即时性,1,5.294466226,2.45484486
热议,非传统话题,要素解读,中,1.113943352,昨天才灭了一次，今天又灭了...... #东京奥运会,其他机构或个人自媒体,7.407424899,即时性,1,5.290034611,2.23299611
热议,非传统话题,要素解读,中,1.544068044,#中国乒乓球队东京奥运会比赛场地开练  这该死的压迫感总让我想起这些中二的画面...ps：不知道那个不懂球的胖子看了是什么心情,非授权商业媒体,6.737828506,即时性,1,5.283301229,4.079181246
热议,非传统话题,要素解读,中,1.908485019,#东京奥运会乒乓球赛出新规，刘国梁感叹太难！包揽5金目标不变！,非授权商业媒体,5.56937391,即时性,1,5.269512944,4.113943352
热议,非传统话题,要素解读,中,0.954242509,东京奥运会空场太冷清？日本或在奥运会场放机器人活跃气氛...,非授权商业媒体,7.316724984,即时性,1,5.198657087,4.146128036
热议,非传统话题,要素解读,中,0.903089987,#东京奥运会 继人脸气球后，东京奥运会现巨型木偶：眼珠会转，还能吐气。,其他机构或个人自媒体,5.336459734,即时性,1,5.195899652,2.31386722
热议,非传统话题,要素解读,中,1.079181246,继巨型人脸气球后，7月17日，东京奥运惊现一个高达10米的木偶，而且它的眼睛还会动，还会吐气…你想说_____？,非授权商业媒体,7.316724984,即时性,1,5.184691431,4.397940009
热议,非传统话题,要素解读,中,1.204119983,第12集 | 日本东京奥运会宣传片脑洞神曲#日语歌 #音乐,其他机构或个人自媒体,5.367355921,即时性,1,5.176091259,3.737113094
热议,非传统话题,要素解读,中,1.755874856,原来日本80年前就取消过第一届东京奥运会~奥运冷知识9则~修订版了解下,其他机构或个人自媒体,7.072837875,即时性,1,5.170261715,3.393048466
热议,非传统话题,要素解读,中,1.041392685,胆小慎入！继“画风跑偏”的人头气球之后，日本#东京又现巨型木偶造型助力奥运 你GET到了吗？@DOU+小助手,其他机构或个人自媒体,6.203032887,即时性,1,5.136720567,3.642860053
热议,非传统话题,要素解读,中,1.146128036,学会这个发球，奥运会能夺冠吗？哈哈哈#东京奥运会中国体育代表团总人数777 #抖音热门 @DOU+小助手,其他机构或个人自媒体,6.280350693,即时性,1,5.130333768,3.748808005
热议,非传统话题,要素解读,中,1.204119983,日本东京奥运会宣传片脑洞神曲#日语歌,其他机构或个人自媒体,5.943494516,即时性,1,5.008600172,2.158362492
热议,非传统话题,要素解读,中,1.204119983,第12集 | 日本东京奥运会宣传片脑洞神曲#日语歌 #音乐,其他机构或个人自媒体,5.367355921,短期,1,5.176091259,3.737113094
非热议,非传统话题,要素解读,中,1.176091259,日本东京奥运会宣传片脑洞神曲，我已成功被洗脑！#音乐 #洗脑神曲 #宝藏音乐,其他机构或个人自媒体,4.653212514,短期,1,2.434568904,1.113943352
热议,非传统话题,要素解读,中,1.204119983,第40集 | 日本东京奥运会宣传片脑洞神曲，听一遍洗脑，听两遍上头~#音乐 #日语歌 #二次元 #上热门,其他机构或个人自媒体,5.367355921,短期,1,3.479863113,2.130333768
非热议,非传统话题,要素解读,中,1.204119983,#东京奥运会 宣传曲。太魔性了,其他机构或个人自媒体,2.860338007,短期,1,2.240549248,0.903089987
非热议,非传统话题,要素解读,中,2.399673721,倒计时三天，东京奥运会洗脑主题曲#东京奥运会#东京#日本#洗脑神曲,其他机构或个人自媒体,1.204119983,短期,1,1.929418926,1.230448921
非热议,非传统话题,要素解读,中,2.245512668,#东京奥运会 魔性宣传片 Japanglish,其他机构或个人自媒体,1.51851394,短期,1,2.57054294,1.301029996
热议,非传统话题,要素解读,中,1.204119983,第117集 | 日本发布东京奥运会宣传片，网友：听一遍洗脑，听两遍上头。,非授权商业媒体,7.379668034,短期,1,5.086359831,3.471585054
非热议,非传统话题,要素解读,中,1.792391689,东京奥运会洗脑神曲，看到最后让你瞬间记住常用日语单词！#日语学习 #日本文化 #日本留学@抖音小助手,其他机构或个人自媒体,2.523746467,短期,1,1.431363764,0.698970004
非热议,非传统话题,要素解读,中,2.146128036,抢鲜看：日本东京奥运会魔性神曲2020,其他机构或个人自媒体,3.849357982,短期,1,1.913813852,0.301029996
非热议,非传统话题,要素解读,中,1.792391689,又是一首洗脑神曲，剪辑结束后脑子里都是这首歌！#东京奥运会#日本生活#日语学习,其他机构或个人自媒体,3.306210508,短期,1,2.511883361,1.146128036
热议,非传统话题,要素解读,中,1.204119983,#东京奥运会  应援神曲，日式英语太魔性洗脑了#日语歌单,其他机构或个人自媒体,5.46686762,短期,1,3.50623436,2.198657087
非热议,非传统话题,要素解读,中,1.322219295,为东京奥运会准备的日式英语魔性洗脑歌#抖艺镇北堡 @镇北堡西部影城#日语教学#日语歌#神曲 #東京盆踊,其他机构或个人自媒体,3.748188027,短期,1,2.155336037,0.301029996
非热议,非传统话题,要素解读,中,1.230448921,日本东京奥运会宣传曲，听着听着就被洗脑了#音乐,非授权商业媒体,5.880813592,短期,1,2.437750563,1.041392685
非热议,非传统话题,要素解读,中,1.77815125,东京奥运会宣传神曲！日式英文歌！,其他机构或个人自媒体,1.748188027,即时性,1,2.08278537,0.602059991
非热议,非传统话题,要素解读,中,1.176091259,#日式英文歌 #洗脑神曲 #东京奥运会暖身曲#东京盆踊 #抖音小助手,其他机构或个人自媒体,1.897627091,短期,1,1.041392685,0.698970004
非热议,非传统话题,要素解读,中,2.257678575,日本魔性歌曲Tokyo  Bon东京盆舞MV～黄明志，二宫芽生#黄明志#二宫芽生#东京奥运会,其他机构或个人自媒体,1.755874856,短期,1,0.698970004,0
非热议,非传统话题,要素解读,中,1.643452676,第43集 | #日语 #日语歌 #音乐推荐 “2020东京奥运会应援曲，一开口就被治愈！”,其他机构或个人自媒体,5.437750563,短期,1,2.764176132,1.531478917
非热议,非传统话题,要素解读,中,1.653212514,#日语  #日语歌 米津玄师真的是一个一次次创造奇迹的人啊！ #米津玄师  #音乐推荐  @DOU+小助手,其他机构或个人自媒体,1.973127854,短期,1,2.810232518,1.505149978
非热议,非传统话题,要素解读,中,1.643452676,据说这是#东京奥运会 推广曲#东京盆踊舞,其他机构或个人自媒体,1.973127854,短期,1,1.414973348,0
非热议,非传统话题,要素解读,中,2.255272505,能不能发3分钟的，我试试哈。,其他机构或个人自媒体,2.324282455,短期,1,1.230448921,0.77815125
热议,非传统话题,赛事周边,负,1.146128036,日本推出了一个高达10米的巨型牵线木偶，作为东京奥运会的文化项目之一。,主办方及授权传播主体,7.151277894,即时性,1,5.998695158,5.139879086
非热议,非传统话题,赛事周边,负,1.146128036,东京奥运会惊现巨型木偶，眼珠会转还会吐气#东京奥运会 #木偶,其他机构或个人自媒体,5.496929648,即时性,1,2.835690571,1.929418926
热议,非传统话题,赛事周边,负,1.431363764,继巨型+夜间发光的人脸气球后，#日本东京奥运会又出了新的巨型木偶造型。网友：能不能整点儿阳间的玩意,其他机构或个人自媒体,6.141449773,即时性,1,3.40534636,2.041392685
非热议,非传统话题,赛事周边,负,1.361727836,东京奥运会现10米高巨型木偶。#东京奥运会 #人头气球 #可怕可怕 #地震快讯 #热点爆料 #木偶人 #新闻,其他机构或个人自媒体,3.5594278,即时性,1,2.936513742,0.903089987
非热议,非传统话题,赛事周边,负,1.51851394,惊悚人脸 吓人木偶 日本奥运艺术把网友吓坏了#东京奥运会,非授权商业媒体,6.855276804,即时性,1,2.781036939,1.322219295
热议,非传统话题,赛事周边,负,0.903089987,#东京奥运会 继人脸气球后，东京奥运会现巨型木偶：眼珠会转，还能吐气。,其他机构或个人自媒体,5.336459734,即时性,1,5.195899652,2.31386722
非热议,非传统话题,赛事周边,负,1.322219295,东京奥运会的“迎客礼”展示了个10米木偶#东京奥运会 #东京奥运会又推出巨型木偶造型,非授权商业媒体,6.887842265,即时性,1,2.703291378,1.568201724
热议,非传统话题,赛事周边,负,1.079181246,继巨型人脸气球后，7月17日，东京奥运惊现一个高达10米的木偶，而且它的眼睛还会动，还会吐气…你想说_____？,非授权商业媒体,7.316724984,即时性,1,5.184691431,4.397940009
非热议,非传统话题,赛事周边,负,1.204119983,10米高人型木偶现身日本东京助力东京奥运会，网友吐槽“能把人带走”#奥运会 #日本 @DOU+小助手,其他机构或个人自媒体,5.600972896,即时性,1,2.264817823,1.462397998
热议,非传统话题,赛事周边,负,0.954242509,继夜间巨型发光人脸气球后，东京奥运会又现10米高巨型木偶，网友：可以理解，但我很费解@潍坊民生报道,其他机构或个人自媒体,6.837840862,即时性,1,5.227886705,4.301029996
热议,非传统话题,赛事周边,负,1.51851394,第17集 | 巨型木偶又来了！继巨型人脸气球后，东京奥运会再添奇作,主办方及授权传播主体,7.418069164,即时性,1,3.534280005,2.170261715
非热议,非传统话题,赛事周边,负,1,继“巨型夜间发光”人脸热气球后，东京#奥运会又出巨型木偶造型，网友看后直呼邪门#周口观察@抖音小助手,其他机构或个人自媒体,5.582063363,即时性,1,2.51851394,0.954242509
非热议,非传统话题,赛事周边,负,1.431363764,东京奥运会又推出巨型木偶，网友：艺术应该接地气，而不是接地府,其他机构或个人自媒体,5.635483747,即时性,1,2.389166084,1.255272505
非热议,非传统话题,赛事周边,负,1.230448921,东京奥运会推出的巨型木偶,其他机构或个人自媒体,5.117271296,即时性,1,2.117271296,0.903089987
热议,非传统话题,赛事周边,负,1.146128036,“巨型人脸气球”之后，东京奥运相关展览又出现10米巨型人偶…,非授权商业媒体,7.379668034,即时性,1,4.531478917,2.23299611
非热议,非传统话题,赛事周边,负,1.414973348,3、接地气？接地府？日本东京奥运会展示巨大惊悚木偶！#日本东京奥运会 #东京奥运会的巨型木偶,其他机构或个人自媒体,5.411619706,即时性,1,1.77815125,0.77815125
非热议,非传统话题,赛事周边,负,1,继巨型人头热气球后，日本东京奥运会推出巨型牵线木偶。眼睛会动。还会吐气……你怎么看？#东京奥运会,其他机构或个人自媒体,6.225567713,即时性,1,2.564666064,1.380211242
非热议,非传统话题,赛事周边,负,1.77815125,东京奥运会又推出巨型木偶造型高达10米：眼睛会动还会吐气！,非授权商业媒体,6.375114685,即时性,1,2.411619706,1.681241237
热议,非传统话题,赛事周边,负,1.041392685,继巨人头气球之后，#东京奥运会又搞了个巨大木偶…网友：艺术可以冷门，但别邪门,非授权商业媒体,6.864926192,即时性,1,3.734559822,2.881954971
热议,非传统话题,赛事周边,负,0.954242509,#东京奥运会又推出巨型木偶造型，它会吐气，眼睛还会动。#奥运会 #奇葩 @抖音小助手 @DOU+小助手,非授权商业媒体,6.789510204,即时性,1,4.079181246,2.361727836
非热议,非传统话题,赛事周边,负,0.954242509,继夜间巨型发光人脸气球后，东京奥运会又现10米高巨型木偶#东京奥运会,其他机构或个人自媒体,6.12904506,即时性,1,2.614897216,1.748188027
非热议,非传统话题,赛事周边,负,1.113943352,日本推出巨型牵线木偶，作为东京奥运会文化项目之一。,其他机构或个人自媒体,6.380030248,即时性,1,2.365487985,1.380211242
非热议,非传统话题,赛事周边,负,1.146128036,5d“巨型人脸气球”之后，东京奥运相关展览又出现10米巨型人偶...#东京奥运会,其他机构或个人自媒体,6.179838928,即时性,1,2.11058971,0.602059991
非热议,非传统话题,赛事周边,负,1.361727836,继人脸气球后#东京奥运会现巨型木偶：眼珠会转，还能吐气……你能get到这个巨型木偶的点吗？,主办方及授权传播主体,5.904715545,即时性,1,2.447158031,1.763427994
热议,被动回应,突发事件,负,1.361727836,第11集 | 在奥运主会场强奸日本女性 乌兹别克斯坦留学生被捕#东京奥运会开幕式会场发生强奸案,非授权商业媒体,7.096944755,即时性,1,6.36361198,5.004321374
非热议,被动回应,突发事件,负,1.505149978,东京奥运会开幕式会场发生性侵案#东京奥运会,非授权商业媒体,6.622421274,即时性,1,3.209246849,0.903089987
非热议,被动回应,突发事件,负,1.462397998,震惊!东京奥运会主会场发生强奸事件!乌兹别克斯坦留学生被捕!#东京奥运会 #乌兹别克斯坦 #留学生,其他机构或个人自媒体,5.413299764,即时性,1,2.45331834,0.77815125
非热议,被动回应,突发事件,负,1.230448921,东京奥运会发生强奸案件 #东京奥运会,其他机构或个人自媒体,6.205745541,即时性,1,2.756636108,1.176091259
非热议,被动回应,突发事件,负,1.204119983,东京奥运主场馆发生性侵案，嫌疑男子辩称：你情我愿。,非授权商业媒体,7.379704269,即时性,1,3.492620722,1.672097858
非热议,被动回应,突发事件,负,1.230448921,#东京奥运主场馆发生性侵案：一名兼职的外籍学生涉嫌性侵女性。,非授权商业媒体,7.463026521,即时性,1,3.934447949,1.908485019
非热议,被动回应,突发事件,负,1.079181246,7月16日，#东京奥运会会场发生性侵案 30岁兼职留学生涉嫌强奸20岁日本女性,非授权商业媒体,6.396548038,即时性,1,4.079181246,1.653212514
非热议,被动回应,突发事件,负,0.954242509,#东京奥运会 主会场发生强奸案 #乌兹别克斯坦 留学生被捕 嫌疑人称与这位女性认识后，觉得对方并不讨厌自己？,其他机构或个人自媒体,4.633468456,即时性,1,2.938519725,1.491361694
非热议,被动回应,突发事件,负,0.84509804,东京奥运会开幕式场馆发生性侵案，乌兹别克斯坦留学生涉嫌性侵日本女性被捕。,其他机构或个人自媒体,6.558708571,即时性,1,3.275311355,1.447158031
非热议,被动回应,突发事件,负,0.954242509,7月18日，据日媒报道，东京奥运会开幕式场馆传出丑闻，一乌兹别克斯坦籍兼职人员涉嫌性侵一日本女性。,主办方及授权传播主体,5.904715545,即时性,1,2.426511261,0.698970004
非热议,被动回应,突发事件,负,0.84509804,东京奥运主会场发生丑闻：乌兹别克斯坦留学生涉嫌性侵日本女性被捕,其他机构或个人自媒体,6.186391216,即时性,1,3.08170727,1.204119983
热议,被动回应,突发事件,负,1.041392685,东京奥运会开幕式会场发生QJ案#奥运会 @抖音小助手 @DOU+小助手,其他机构或个人自媒体,5.67669361,即时性,1,3.685024785,3.229425848
非热议,被动回应,突发事件,负,0.602059991,"东京奥运会
开幕式会场传出丑闻
涉案嫌疑人是大学生",其他机构或个人自媒体,5.91750551,即时性,1,3.582177038,1.255272505
热议,被动回应,突发事件,负,1.602059991,盘点#东京奥运会 奇葩事件#我要上热门 @DOU+小助手 @抖音小助手 #奥运会 #东京 #奇葩 #搞笑,其他机构或个人自媒体,4.792391689,即时性,1,4.431363764,3.182129214
非热议,被动回应,突发事件,负,1.176091259,#东京奥运会 开闭幕式总导演真是个高危职业，新任 #导演 因为涉嫌侮辱女性致歉后辞职 #奥运会,体育专业媒体,4.51851394,即时性,1,3.259115844,1.86923172
非热议,被动回应,突发事件,负,0.903089987,东京奥运会再遇挫折 开闭幕式总导演因侮辱女艺人辞职。#东京奥运会 #侮辱女性 #舆论监督,其他机构或个人自媒体,5.816903839,即时性,1,2.774516966,0.301029996
非热议,被动回应,突发事件,负,0.84509804,#东京奥运会开闭幕式总监或辞职# 曾被曝侮辱女性@抖音小助手,其他机构或个人自媒体,5.95616843,即时性,1,2.614897216,0.301029996
热议,被动回应,突发事件,负,0.903089987,东京奥运主场馆地下挖出187具白骨 ，疑死于虐待…期待真相！持续关注！#lytv临沂公共频道,其他机构或个人自媒体,6.790636962,即时性,0,5.769377326,4.322219295
热议,非传统话题,赛事周边,负,0.903089987,#东京奥运会 继人脸气球后，东京奥运会现巨型木偶：眼珠会转，还能吐气。,其他机构或个人自媒体,5.336459734,即时性,1,5.195899652,2.31386722
热议,非传统话题,赛事周边,负,1.477121255,能不能整点阳间的玩意,其他机构或个人自媒体,6.013258665,即时性,1,4.973127854,3.633973156
热议,非传统话题,赛事周边,负,1.041392685,#日本艺术家设计10米木偶 继巨型人脸气球后，东京奥运会又推出了巨型提线木偶。你怎么看？#娱乐评论大赏,其他机构或个人自媒体,6.349277527,即时性,1,4.954242509,4.505149978
热议,非传统话题,赛事周边,负,1,愈发离谱！#东京巨型人脸气球晚上还会发光 ！看着看着，头皮逐渐发麻…,其他机构或个人自媒体,6.866582677,即时性,1,4.944482672,4.079181246
热议,非传统话题,赛事周边,负,0.954242509,#东京巨型人脸气球晚上还会发光 东京巨型人脸气球晚上还会发光，场面更惊悚了,其他机构或个人自媒体,6.287577809,即时性,1,4.924279286,4.278753601
热议,被动回应,突发事件,中,0.77815125,关注！国际奥委会高级成员：若疫情5月下旬得不到控制，东京奥运会可能会取消！,主办方及授权传播主体,8.113943352,即时性,1,5.649334859,2.250420002
热议,被动回应,突发事件,中,1.414973348,希望国家强大，做得好，能够在这个动荡的时代保护我们所有人的利益。#美国新冠病毒感染病例超过82万,其他机构或个人自媒体,6.697316542,即时性,1,5.356025857,2.222716471
热议,被动回应,突发事件,中,1.755874856,东京奥组委再次辟谣：东京奥运会将如期举行，我们没有“B计划”（1）,非授权商业媒体,6.983175072,即时性,1,5.328379603,2.086359831
热议,被动回应,突发事件,中,0.903089987,伦敦市长表示，如果新冠肺炎疫情导致东京无法举办奥运会和残奥会，伦敦将做好准备代替东京举办@抖音小助手,其他机构或个人自媒体,6.710371264,即时性,1,5.164352856,2.056904851
非热议,被动回应,突发事件,中,1.763427994,国际奥委会：如果新冠肺炎疫情在5月下旬得不到控制，2020年东京奥运会可能将被取消，而不是推迟或换城市举办。,其他机构或个人自媒体,5.187520721,即时性,1,5.117271296,1.633468456
热议,被动回应,突发事件,中,1.146128036,这一年，中国运动员们不但要和对手比，和自己比，还要跟疫情“战斗”，这份定力、耐力和毅力令人钦佩！加油中国健儿们,非授权商业媒体,6.96997473,即时性,1,5.10720997,3.994669022
热议,被动回应,突发事件,中,0.954242509,日本东京奥运会组织委员会5月1日宣布，#日本圣火传递发生集体感染，6人被确认感染新冠,其他机构或个人自媒体,7.683461312,即时性,1,4.913813852,2.071882007
热议,被动回应,突发事件,中,1,受疫情影响，东奥会乒乓球比赛禁止吹球摸球#乒乓球,其他机构或个人自媒体,6.325925956,即时性,1,4.880813592,3.271376872
热议,被动回应,突发事件,中,2.068185862,这届日本奥运会真是太难了！广大网友都吐槽爆了！#日本奥运会 #东京奥运会 #疫情 @李三金Alex聊品牌 @李三金Alex聊健康,其他机构或个人自媒体,6.323870607,即时性,1,4.86332286,3.369401414
热议,被动回应,突发事件,中,2.29666519,奥运代表团感染德尔塔变种毒株，日本专家：奥运开幕后更可怕！#日本疫情 #海外 #热点 @李三金Alex聊品牌,其他机构或个人自媒体,6.323870607,即时性,1,4.857332496,3.955639653
热议,被动回应,突发事件,中,1.079181246,印度史上最大奥运代表团抵达日本，此前曾抗议防疫政策遭日本歧视，你怎么看？ #东京奥运会,非授权商业媒体,7.379704269,即时性,1,4.785329835,3.913389944
热议,被动回应,突发事件,中,1.176091259,多国奥运代表团成员抵日后确诊新冠#日本,主办方及授权传播主体,7.530532658,即时性,1,4.770852012,2.240549248
非热议,被动回应,突发事件,中,1.079181246,日本东京奥运会举办在即，美国务院警告美国民众：勿前往日本！,非授权商业媒体,7.379704269,即时性,1,4.763427994,1.977723605
非热议,被动回应,突发事件,中,1.079181246,两个大国将退出2020日本东京奥运会，这届奥运会，是要凉凉？#疫情全知道 #抗击疫情 @抖音小助手,非授权商业媒体,6.929367829,即时性,1,4.740362689,1.84509804
热议,被动回应,突发事件,中,0.903089987,2213名奥运相关人员入境日本未接受隔离，已出现6例确诊。,非授权商业媒体,7.379704269,即时性,1,4.698970004,2.206825876
热议,被动回应,突发事件,中,2.227886705,#东京奥运会多项比赛赛制赛程有所变化，期待中国奥运健儿凯旋,非授权商业媒体,6.983175072,即时性,1,4.681241237,2.178976947
热议,被动回应,突发事件,中,2.127104798,日本赌国运失败？东京奥运会损失千亿人民币，女官员潸然泪下,其他机构或个人自媒体,5.719331287,即时性,1,4.662757832,2.053078443
热议,被动回应,突发事件,中,0.903089987,#东京奥组委官员称不排除因疫情取消奥运会# #关注奥运#@抖音小助手,其他机构或个人自媒体,5.95616843,即时性,1,4.612783857,2.193124598
热议,被动回应,突发事件,中,0.903089987,第185集 | 若疫情5月下旬得不到控制，东京奥运会可能会取消。,非授权商业媒体,6.771734425,即时性,1,4.602059991,2.155336037
热议,被动回应,突发事件,中,1.491361694,对于疫情防控这个“集体项目”，愿每个选手都能取得好成绩。加油，中国军团#主播说联播,主办方及授权传播主体,7.493541695,即时性,1,4.579783597,2.187520721
非热议,被动回应,突发事件,中,1.924279286,第105集 | 疫情在日本有蔓延趋势 东京奥运会还开得了吗？,其他机构或个人自媒体,6.497206181,即时性,1,4.579783597,1.886490725
热议,被动回应,突发事件,中,0.954242509,东京奥运会不再推迟或被取消！,非授权商业媒体,7.042496757,即时性,1,4.568201724,3.180125875
热议,被动回应,突发事件,中,2.113943352,东京奥运会还有十四天#东京奥运会#日本生活#无观众#担心疫情,其他机构或个人自媒体,5.596597096,即时性,1,4.568201724,3.708335903
热议,非传统话题,突发事件,负,1.806179974,东京奥运会纸板床撑不起两人重量？选手亲自测试：承受力没问题！,体育专业媒体,6.086715664,长期,0,4.579783597,2.964730921
非热议,非传统话题,突发事件,负,1.079181246,300斤举重女将怎么睡#东京奥运会 的纸床？李雯雯的回答太可爱了,非授权商业媒体,6.865044722,长期,0,2.743509765,1.51851394
热议,非传统话题,突发事件,负,1.204119983,中国300斤举重姑娘参加奥运会，回应睡纸板床：别担心，我睡地上！#奥运会,其他机构或个人自媒体,7.137670537,长期,0,6.085290578,4.322219295
热议,非传统话题,突发事件,负,1.113943352,第18集 | 奥运村“纸板床”不结实？外国运动员实测：够结实！#东京奥运会纸板床 #东京奥运会 #奥运一夏,非授权商业媒体,7.096944755,长期,0,4.903089987,3.67292869
热议,非传统话题,突发事件,负,1.322219295,第17集 | 东京奥运村运动员睡“纸床”？#东京奥运会,非授权商业媒体,7.088879956,长期,0,4.72427587,3.359645793
热议,非传统话题,突发事件,负,0.77815125,21日，中国300斤举重姑娘参加奥运会，回应睡纸板床#奥运会 #中国 @抖音小助手,其他机构或个人自媒体,7.132483825,长期,0,4.397940009,3.010299957
热议,非传统话题,突发事件,负,1.51851394,日本奥运村床铺被曝全是硬纸板，连床头柜都是纸壳糊的,其他机构或个人自媒体,4.954242509,长期,0,3.950997334,2.893761762
非热议,非传统话题,突发事件,负,1,都说#东京奥运会 纸板床太脆弱，爱尔兰选手蹦跳测试。,其他机构或个人自媒体,6.594060901,长期,0,3.364738555,1.278753601
非热议,非传统话题,突发事件,负,2.745074792,韩乔生：东京夏奥为省钱，竟让运动员睡纸床？ #跨界竞技场,体育专业媒体,5.836324116,长期,0,2.829303773,1.113943352
热议,非传统话题,突发事件,负,1.278753601,东京奥运会纸板床不能支撑两个人的重量，这是怕斗地主把床压坏了吗？,其他机构或个人自媒体,6.21005085,长期,0,5.008600172,4.146128036
热议,非传统话题,突发事件,负,1.301029996,爱尔兰运动员蹦跳测试奥运村纸板床承重力后大喊”假新闻“,非授权商业媒体,7.407441895,长期,0,5.198657087,2.252853031
热议,非传统话题,突发事件,负,0.903089987,东京奥运会纸板床，不能承重两人,其他机构或个人自媒体,5.004321374,长期,0,4.959041392,4.255272505
非热议,非传统话题,突发事件,负,2.071882007,奥运纸床不能做双人运动是谣传，爱尔兰运动员用行动证明很结实,其他机构或个人自媒体,3.031408464,长期,0,1.278753601,0.477121255
热议,非传统话题,突发事件,负,1.079181246,东京奥运会运动员睡“瓦楞纸板床”，东京奥组委：可随意移动，回收方便@抖音小助手,非授权商业媒体,6.878636673,长期,0,4.556302501,2.089905111
非热议,非传统话题,突发事件,负,1.991226076,#东京奥运会 #奇葩防疫 禁止握手却发15万只避孕套，睡纸床？#东京,其他机构或个人自媒体,2.068185862,长期,0,1.079181246,0
非热议,非传统话题,突发事件,负,1.505149978,谁说东京奥运会床不能躺俩人？@DOU+小助手 #东京奥运会 #日本 #2021东京奥运会 #奥运会 #东京 #大阪 #日本生活,其他机构或个人自媒体,3.900858505,长期,0,1.944482672,1.079181246
非热议,非传统话题,突发事件,负,1.301029996,纸床中国造比东京奥运会纸床强百倍#东京奥运会纸床 #床 #奥运会纸板床#中国造,其他机构或个人自媒体,3.445604203,长期,0,2.212187604,0.954242509
热议,非传统话题,突发事件,负,1.51851394,真的是纸做的！最大承重400斤！#体育趣闻,体育专业媒体,5.190331698,短期,0,4,2.243038049
非热议,非传统话题,突发事件,负,1.698970004,东京奥运会运动员睡纸板床？,主办方及授权传播主体,7.1513392,短期,0,0,0
热议,非传统话题,突发事件,中,1.672097858,用硬纸板做床架！快来围观东京奥运村~,非授权商业媒体,7.221492482,短期,0,3.359076226,2.093421685
非热议,非传统话题,突发事件,正,1.886490725,东京奥运村将配硬纸板床 奥组委：既环保又省钱,体育专业媒体,6.386142109,即时性,0,0.477121255,0
热议,传统话题,要素解读,正,1.397940009,第16集 | 奥运历史上最震撼的圣火点燃瞬间，92年巴塞罗那，雷波洛用射箭方式点燃圣火#奥运会,体育专业媒体,6.824386202,长期,1,6.425860145,4.681241237
热议,传统话题,要素解读,正,1.176091259,仪式现场：2020东京奥运圣火在希腊成功采集！,主办方及授权传播主体,8.079181246,短期,1,6.180699201,2.359835482
热议,传统话题,要素解读,正,1.653212514,中国人最自豪的瞬间之一，08年北京奥运会，李宁飞天点燃主火炬#奥运会 #经典,体育专业媒体,6.824386202,长期,1,6.171433901,4.380211242
热议,传统话题,要素解读,正,1.505149978,第15集 | 奥运史上最令人动容的瞬间，身患帕金森症的拳王阿里点燃奥运圣火#奥运会,体育专业媒体,6.824386202,长期,1,5.950851459,3.70182693
热议,传统话题,要素解读,正,1.851258349,第168集 | 12年前的今天，你多大？和谁一起看的北京奥运会开幕式？,非授权商业媒体,5.890421019,短期,1,5.851869601,4.633468456
热议,传统话题,要素解读,正,1.278753601,东京奥运会火炬传递首日，圣火意外熄灭,非授权商业媒体,7.407084836,长期,1,5.816903839,4.84509804
热议,传统话题,要素解读,正,1.447158031,第14集 | 史上最浪漫的奥运点火仪式，真正意义上的“水火交融”#奥运会 #经典,体育专业媒体,6.824386202,长期,1,5.583198774,3.674034
非热议,传统话题,要素解读,正,1.431363764,圣火成功采集，2020东京奥运会正式拉开序幕。#东京奥运圣火采集,主办方及授权传播主体,7.461378456,短期,1,5.290034611,1.903089987
热议,传统话题,要素解读,正,1.113943352,昨天才灭了一次，今天又灭了...... #东京奥运会,其他机构或个人自媒体,7.406914704,长期,1,5.290034611,2.23299611
非热议,传统话题,要素解读,正,1.079181246,第29集 | 【2008年3月31日 】胡锦涛在天安门前举行第二十九届北京奥运会火炬接力启动仪式，并点燃圣火盆#党史数据,主办方及授权传播主体,6.630427875,短期,1,5.269512944,1.963787827
非热议,传统话题,要素解读,正,1.146128036,#历史上的今天 2008年3月31日，奥运火炬接力在北京天安门广场启动，胡锦涛主席点燃圣火盆,其他机构或个人自媒体,6.29841638,短期,1,5.267171728,1.62324929
热议,传统话题,要素解读,正,1.204119983,#东京奥运会火炬接力，6名工作人员确诊感染#新冠,主办方及授权传播主体,7.530532658,长期,1,5.161368002,2.123851641
热议,传统话题,要素解读,正,1.531478917,第2集 | 可百步穿杨，也可点燃圣火，雷波洛这一箭成为了经典。,体育专业媒体,5.414973348,长期,1,5.136720567,3.488832634
热议,传统话题,要素解读,正,1,奥运圣火一波三折，东京奥运会推迟，圣火将燃烧一年零五个月,其他机构或个人自媒体,6.621072371,短期,1,5.11058971,2.146128036
热议,传统话题,要素解读,正,1.255272505,第201集 | 3月20日，2020年奥运圣火抵达日本，由于遭遇大风，圣火展览首日，火种灯被吹灭两次……,主办方及授权传播主体,7.461378456,短期,1,5.008600172,2.209515015
热议,传统话题,要素解读,正,1.602059991,#奥运会开幕式 精彩回顾之2012#伦敦奥运会 开幕式⑤#贝克汉姆 的圣火传递片段@DavidBeckham,主办方及授权传播主体,5.227886705,长期,1,4.986771734,3.542700969
热议,传统话题,要素解读,正,1,当地时间4日，东京奥运会圣火在日本茨城进行传递时，一名当地女性使用水枪喷射火炬手，因涉嫌暴力妨碍业务被当场逮捕,其他机构或个人自媒体,7.406914704,长期,1,4.973127854,3.8192148
热议,传统话题,要素解读,正,1.342422681,#东京奥运会 火炬传递演练顺利举行。#石原里美 奥运火炬传递大使演练了东京八王子火炬传递部分,主办方及授权传播主体,5.227886705,即时性,1,4.86923172,2.041392685
热议,传统话题,要素解读,负,0.77815125,尴尬！东京奥运圣火被大风吹灭，直播点火时18分钟内被吹灭3次！#东京奥运会@DOU+小助手,其他机构或个人自媒体,6.539577883,短期,1,4.86923172,2.093421685
非热议,传统话题,要素解读,中,2.209515015,#持续关注持续精彩,其他机构或个人自媒体,4.278753601,长期,1,4.806179974,1.477121255
热议,传统话题,要素解读,负,1.079181246,日本大妈反对举办奥运 掏出玩具水枪朝火炬手喷射 被警察当场拿下 @抖音小助手,非授权商业媒体,6.87517706,长期,1,4.73239376,3.760874638
热议,传统话题,要素解读,负,1.361727836,日本大妈用水枪喷射奥运火炬，被当场逮捕 #东京奥运会,非授权商业媒体,6.864451747,长期,1,4.707570176,3.373831145
热议,传统话题,要素解读,负,1.255272505,日本大妈手持水枪喷射奥运火炬手，枪内液体成分未知,非授权商业媒体,7.407084836,长期,1,4.591064607,2.204119983
热议,传统话题,要素解读,正,1.579783597,第3集 | 亚特兰大奥运会开幕式上，#拳王阿里点燃火炬的瞬间让人动容。,体育专业媒体,5.414973348,长期,1,4.531478917,2.451786436
非热议,非传统话题,突发事件,中,1.447158031,中国技术助力东京奥运，奥组委主席感谢中国技术#巴赫感谢中国技术,主办方及授权传播主体,7.530519856,即时性,1,3.142702246,0.903089987
非热议,非传统话题,突发事件,中,1.819543936,7月21日，日本东京奥组委宣布：东京奥运会开幕式的入场观众将被限定在1000人之内。#东京奥运会 #日本 #国际,非授权商业媒体,6.770925615,即时性,1,1.755874856,0
非热议,非传统话题,突发事件,中,0.954242509,东京奥组委CEO称不排除最后一刻取消奥运会的可能性@抖音小助手 @DOU+小助手,其他机构或个人自媒体,6.790073948,即时性,1,2.564666064,1
非热议,非传统话题,突发事件,中,1.431363764,国际奥组委主席巴赫感谢中国！东京奥运会首次实现云端转播技术  #巴赫感谢中国技术,非授权商业媒体,7.407441895,即时性,1,3.529686954,1.301029996
非热议,非传统话题,突发事件,中,0.954242509,7月23日即将开幕的东京奥运，随着当地新冠疫情持续恶化#东京奥组委ceo称不排除最后一刻取消奥运会的可能性,其他机构或个人自媒体,6.799547307,即时性,1,2.260071388,1.278753601
非热议,非传统话题,突发事件,中,1.301029996,第23集 | 支持举办东京奥运会的人并不多 奥组委这样说... #东京奥运会  @凤凰大视野,非授权商业媒体,7.088950734,即时性,1,3.30920418,0.698970004
非热议,非传统话题,突发事件,中,1.079181246,东京奥组委称，不排除最后一刻取消东京奥运会。#奥运会 #东京奥运会,非授权商业媒体,6.088136089,即时性,1,2.440909082,0.477121255
非热议,非传统话题,突发事件,中,1.342422681,#国际奥组委主席巴赫感谢中国技术 东京奥运会将首次通过云计算向全球50亿潜在观众直播,非授权商业媒体,6.806790272,即时性,1,2.845718018,0.602059991
热议,非传统话题,突发事件,中,0.903089987,#东京奥组委官员称不排除因疫情取消奥运会# #关注奥运#@抖音小助手,其他机构或个人自媒体,5.957607287,即时性,1,4.612783857,2.193124598
热议,非传统话题,突发事件,中,0.84509804,武藤敏郎表示，目前，新冠病例数量可能会增加或减少，东京奥组委也将密切关注感染人数。#奥运会,其他机构或个人自媒体,7.137607271,即时性,1,4.342422681,2.158362492
非热议,非传统话题,突发事件,中,0.954242509,#东京奥组委CEO称不排除最后一刻取消奥运会的可能性 7月20日新闻发布会上宣布,非授权商业媒体,7.463086333,即时性,1,3.136403448,1.602059991
非热议,非传统话题,突发事件,中,0.903089987,东京奥组委官员表态，你怎么看#东京奥运会,其他机构或个人自媒体,5.534026106,即时性,1,2.041392685,1
非热议,非传统话题,突发事件,中,0.84509804,#东京奥组委：  不排除在最后一刻取消奥运会的可能#东京奥运会,其他机构或个人自媒体,5.7084209,即时性,1,2.271841607,0.477121255
非热议,非传统话题,突发事件,中,0.77815125,距东京奥运会开幕式仅剩1天，东京奥组委22日宣布，解聘开幕式导演小林贤太郎！#东京奥运会,主办方及授权传播主体,7.615181733,即时性,1,3.541204691,1.447158031
非热议,非传统话题,突发事件,中,1.857332496,东京奥组委：本月已有30名奥运相关人员感染新冠病毒,其他机构或个人自媒体,6.379486814,即时性,1,1.826074803,0
非热议,非传统话题,突发事件,中,0.84509804,奥组委：东京奥运开幕式预计约950人出席#东京奥组委 #东京奥运会 #日本,其他机构或个人自媒体,6.186391216,即时性,1,1.740362689,0.301029996
非热议,非传统话题,突发事件,中,1.477121255,中国技术拯救空场奥运，#巴赫感谢中国技术,其他机构或个人自媒体,7.237845227,即时性,1,3.465977368,0.477121255
非热议,传统话题,品牌宣传,正,2.376576957,東京2020奥运会宣传片,其他机构或个人自媒体,4.643452676,长期,1,2.756636108,1.544068044
非热议,传统话题,品牌宣传,正,2.247973266,超燃！新华社推出东京奥运中国军团宣传片,主办方及授权传播主体,7.559858766,长期,1,3.263872677,1.643452676
非热议,传统话题,品牌宣传,正,1.770852012,#2020东京奥运会 东京奥运会宣传片！拍得真好。疫情期间我们一起加油,其他机构或个人自媒体,4.342422681,长期,1,2.269512944,0.84509804
热议,传统话题,品牌宣传,正,1.204119983,第117集 | 日本发布东京奥运会宣传片，网友：听一遍洗脑，听两遍上头。,非授权商业媒体,7.379704269,长期,1,5.086359831,3.471585054
热议,传统话题,品牌宣传,正,1.799340549,创意够绝，浮世绘风格的东京奥运会宣传片。#浮世绘,其他机构或个人自媒体,4.462397998,长期,1,3.755722445,2.788168371
非热议,传统话题,品牌宣传,正,2.037426498,一起变得更强大，博尔特助力东京奥运会宣传片，诠释团队的力量！,体育专业媒体,5.064457989,长期,1,1.591064607,0.301029996
非热议,传统话题,品牌宣传,正,2.238046103,超燃！#东京奥运中国军团宣传片 来了，献给奋勇拼搏的中国健儿。,非授权商业媒体,6.599664779,长期,1,2.62324929,0.602059991
非热议,传统话题,品牌宣传,正,2.033423755,《2020东京奥运会》官方宣传片,其他机构或个人自媒体,4.342422681,长期,1,1.361727836,0
非热议,传统话题,品牌宣传,正,2.252853031,超燃！东京奥运中国军团宣传片   #东京奥运会,非授权商业媒体,5.33243846,长期,1,1.919078092,0.77815125
热议,传统话题,品牌宣传,正,1.77815125,法国电视台制作的#东京奥运会 宣传片 #浮世绘 风格 #日本,体育专业媒体,5.555094449,长期,1,3.971924949,2.726727209
非热议,传统话题,品牌宣传,正,1.770852012,2020年东京奥运会宣传片！,体育专业媒体,2.597695186,长期,1,1.079181246,0
非热议,传统话题,品牌宣传,正,2.397940009,东京奥运宣传片#东京奥运会,体育专业媒体,3.333648757,长期,1,1.230448921,0
非热议,传统话题,品牌宣传,正,2.240549248,超燃！#东京奥运会 中国军团宣传片来啦。 @抖音小助手,非授权商业媒体,3.639586087,长期,1,1.505149978,0
非热议,传统话题,品牌宣传,正,1.278753601,#东京奥运会缩减约2·8亿美元预算  大家再一起来欣赏下东京奥运会的宣传片吧#奥运会 （贰拾玖）,体育专业媒体,5.604226053,长期,1,2.615950052,0.903089987
非热议,传统话题,品牌宣传,正,1.944482672,超燃！#东京奥运会中国军团宣传片?来啦！中国体育代表团即将集结征战东京奥运会。#夺冠2021（编辑：何晨铭）,体育专业媒体,5.604226053,长期,1,2.08278537,0
非热议,传统话题,品牌宣传,正,1.770852012,日本东京奥运会宣传片，一镜到底，非常惊艳#奥运会 #日本 #海外生活 #视频剪辑 #一镜到底,其他机构或个人自媒体,1.954242509,长期,1,1,0
非热议,传统话题,品牌宣传,正,2.184691431,2020东京奥运会，首发英文宣传片,体育专业媒体,5.401400541,即时性,1,1.477121255,0
热议,传统话题,品牌宣传,正,2.017033339,请横屏观看#东京奥运会 宣传片里面有#博尔特#德格拉斯  建议手动音量调大观看。#大片即视感,其他机构或个人自媒体,3.956120386,长期,1,3.550228353,2.187520721
热议,传统话题,品牌宣传,正,1.204119983,日本东京奥运会宣传片脑洞神曲#日语歌,其他机构或个人自媒体,5.943494516,长期,1,5.008600172,2.158362492
非热议,传统话题,品牌宣传,正,2.025305865,2020年东京奥运会宣传片奥运会的宗旨是放下国际仇恨，停止种族纠纷。感受来自日本传统文化和现代科技的完美结合,其他机构或个人自媒体,1.361727836,长期,1,1.079181246,0
非热议,传统话题,明星团队,正,2.245512668,超燃！新华社推出#东京奥运中国军团宣传片 #体育精神  #奥运,其他机构或个人自媒体,5.832508913,即时性,1,1.51851394,0
热议,传统话题,明星团队,正,1.041392685,第1集 | 东京我们来了！中国帆船帆板队今日出征东京奥运会。加油，奥运健儿！,主办方及授权传播主体,8.079181246,即时性,1,6.021189299,4.72427587
热议,传统话题,明星团队,正,1.342422681,第6集 | 第二批中国奥运军团抵达日本！国乒、女足、射箭和赛艇队……日本成田机场秒变追星现场~祝星耀东京！,主办方及授权传播主体,8.079181246,即时性,1,5.902546779,4.146128036
热议,传统话题,明星团队,正,1.51851394,东京奥运会，华人显神威！中国队加油！@朱婷 #夺冠2021 #全民为中国健儿加油,其他机构或个人自媒体,7.000954398,即时性,1,5.757396029,3.560384923
热议,传统话题,明星团队,正,1.146128036,男足都要进世界杯了，男篮也要争口气啊，一定要让义勇军进行曲响彻在东京天空上#中国男篮 #奥运会,其他机构或个人自媒体,4.079181246,即时性,1,5.675778342,3.912062556
热议,传统话题,明星团队,正,1.591064607,#2019多哈田径世锦赛 男子百米接力决赛，中国队获得东京奥运会参赛资格！#田径,体育专业媒体,6.406028945,即时性,0,5.606381365,3.804548308
热议,传统话题,明星团队,正,1.322219295,只要“那个不懂球的胖子”还在，日本队就不敢再狂，中国球迷也就放心了！#中国骄傲,体育专业媒体,6.172310969,即时性,0,5.56937391,2.397940009
热议,传统话题,明星团队,正,1.146128036,中国队"全副武装"赴日参赛，日媒主持人表情亮了,主办方及授权传播主体,7.530519856,即时性,0,5.536558443,3.952840857
热议,传统话题,明星团队,正,1.079181246,中国体操队“全副武装”赴日参赛，日媒主持人表情亮了,非授权商业媒体,7.407441895,即时性,0,5.51054501,4.041392685
热议,传统话题,明星团队,正,1.491361694,#中国跳水梦之队 #东京奥运会 #励志,其他机构或个人自媒体,5.056904851,即时性,1,5.451786436,3.770778396
热议,传统话题,明星团队,正,1.380211242,#中国女足挺进东京奥运会 中国球迷多久没有这么激动了！中国女足#东京奥运会 加油！#dou来奥运,体育专业媒体,5.979092901,即时性,1,5.390935107,3.473778835
热议,传统话题,明星团队,正,1.230448921,东京奥运会中国女足与巴西队同组，中国队渴望在奥运赛场击败巴西队！#无渴不爽,体育专业媒体,6.409256652,即时性,1,5.380211242,3.736715134
热议,传统话题,明星团队,正,2.11058971,达标东京奥运会！王春雨跑出1分59秒42夺800米冠军，恭喜@王春雨 #2021全国田径冠军赛暨奥运会选拔赛,体育专业媒体,6.406028945,即时性,1,5.348304863,4.255272505
热议,传统话题,明星团队,正,1.255272505,最强天团集结，从南海出发征战东京奥运会#奥运会 #刘国梁 #王楠  #抖音热门 #秀出国风style,其他机构或个人自媒体,4.755874856,即时性,1,5.184691431,3.615844883
热议,传统话题,明星团队,正,1.986771734,东京奥运会选拔赛高光时刻，中国田径军团，全力出击！#田径 #体育生 #苏炳添 #谢震业,体育专业媒体,5.992995098,即时性,1,5.139879086,3.733598461
热议,传统话题,明星团队,正,1.204119983,中国女排将陷东京奥运会超级死亡之组：中美意俄全聚全！#东京奥运会 #中国女排,体育专业媒体,5.802773725,即时性,1,5.11058971,3.670153045
热议,传统话题,明星团队,正,1.146128036,这一年，中国运动员们不但要和对手比，和自己比，还要跟疫情“战斗”，这份定力、耐力和毅力令人钦佩！加油中国健儿们,非授权商业媒体,6.96997473,即时性,1,5.10720997,3.994669022
热议,传统话题,明星团队,正,1.278753601,赛季开门红！东京奥运测试赛中国女排赢了，3-0完胜日本,非授权商业媒体,7.407441895,即时性,1,5.100370545,2.290034611
热议,传统话题,明星团队,正,1.278753601,中国男子三大球全部无缘奥运会 女队全进！,主办方及授权传播主体,7.262949175,即时性,1,5.079181246,2.269512944
热议,传统话题,明星团队,正,1.146128036,#东京奥运会 #中国女足 将首秀迎战劲敌#巴西女足 希望#铿锵玫瑰 能旗开得胜#为中国队加油#夺冠2021,其他机构或个人自媒体,5.193124598,即时性,1,5.071882007,3.94156112
热议,传统话题,明星团队,正,1,5月16日，中国乒协正式公布#中国乒乓球队东京奥运会参赛名单 网友：天团出征，祝取得好成绩！,其他机构或个人自媒体,7.683434307,即时性,1,5.071882007,2.28780173
非热议,非传统话题,要素解读,中,1.544068044,中国技术撑起空场东京奥运，国际奥委会主席感谢中国云技术 #巴赫感谢中国技术,其他机构或个人自媒体,6.696705781,短期,1,4.707570176,1.995635195
非热议,非传统话题,要素解读,中,1.69019608,#国际奥委会主席感谢中国云技术 因疫情防控，东京奥运接近空场，全球赛事转播将由阿里巴巴提供云技术,其他机构或个人自媒体,6.594282029,短期,1,1.86332286,0
非热议,非传统话题,要素解读,中,1.698970004,#国际奥委会主席感谢中国云技术@抖音小助手,其他机构或个人自媒体,6.838408278,短期,1,3.29136885,0.954242509
非热议,非传统话题,要素解读,中,1.079181246,7月22日，日本东京。空场奥运搬到云上#国际奥委会主席巴赫感谢中国云技术 #夺冠2021,非授权商业媒体,7.033986365,短期,1,4.146128036,1.531478917
热议,非传统话题,要素解读,中,1.041392685,近日，东京奥运会宣布部分比赛将空场举办。为了活跃气氛，日本人或在观众席放置一些“气氛组”。,非授权商业媒体,7.033986365,短期,1,4.86332286,3.549493713
非热议,非传统话题,要素解读,负,2.437750563,50万人线上请愿停办！由于新冠疫情大流行推迟一年，东京奥运会和残奥会的总费用增加到1.64万亿日元。而几乎空场、无海外观众注定让东京成为“史上最亏”,非授权商业媒体,7.316808752,短期,1,2.779596491,0.954242509
热议,非传统话题,要素解读,中,0.954242509,东京奥运会空场太冷清？日本或在奥运会场放机器人活跃气氛...,非授权商业媒体,7.316808752,短期,1,5.198657087,4.146128036
非热议,非传统话题,要素解读,正,1.886490725,#巴赫感谢中国技术?#夺冠2021  东京奥运会空场没氛围？别怕！中国技术来了！,非授权商业媒体,5.835056102,短期,1,2.730782276,1.51851394
非热议,非传统话题,要素解读,负,1.176091259,东京奥运会空场办赛！#约53亿元门票收入几乎打水漂！,主办方及授权传播主体,7.06103759,短期,1,3.749968084,1.949390007
热议,非传统话题,要素解读,中,1.113943352,担心东京奥运会空场太冷清？日本或放机器人当观众……#夺冠2021,非授权商业媒体,6.413467413,短期,1,4.86923172,2.120573931
热议,非传统话题,要素解读,正,1.491361694,这样的奥运会，感觉还挺可爱的~#奥运会 #夺冠2021,体育专业媒体,6.386498966,短期,1,3.162265614,2.11058971
非热议,非传统话题,要素解读,正,1.633468456,#国际奥委会主席感谢中国云技术 东京奥运会或将成为史上首个云转播的奥运会。#奥运会 #科技,其他机构或个人自媒体,5.643452676,短期,1,2.794488047,0.301029996
非热议,非传统话题,要素解读,正,2.31386722,第8集 | #夺冠2021 #2021东京奥运会 盘点东京奥运经济账，日本人是不是亏到妈都不认？#政媒原创作者联盟,其他机构或个人自媒体,5.225309282,短期,1,2,0
热议,非传统话题,要素解读,负,0.903089987,东京奥运会空场太冷清？日本或在放置机器人观众  网友：气氛似乎有点诡异,其他机构或个人自媒体,6.071882007,短期,1,3.353146546,2.133538908
非热议,非传统话题,要素解读,正,1.278753601,#国际奥委会主席感谢中国云技术 ，首届云奥运来了！,其他机构或个人自媒体,5.227886705,短期,1,2.720159303,0
非热议,非传统话题,要素解读,正,1.477121255,中国技术拯救空场奥运，#巴赫感谢中国技术,其他机构或个人自媒体,7.237845227,短期,1,3.689663965,0.602059991
非热议,非传统话题,要素解读,中,0.77815125,近日，东京奥运会宣布部分比赛将空场举办，为了活跃气氛，日本找来了一些“气氛组”。,其他机构或个人自媒体,5.178976947,短期,1,1.568201724,0
热议,非传统话题,要素解读,中,0.77815125,第568集 | 东京奥运会东京都内所有场馆空场举办#日本#奥运会,其他机构或个人自媒体,5.744292983,短期,1,3.833529582,3.178401342
非热议,非传统话题,要素解读,中,2.418301291,史上最昂贵奥运会，50万人线上请愿停办，算算日本到底亏了多少钱？,其他机构或个人自媒体,6.986009932,短期,1,1.176091259,0
非热议,非传统话题,要素解读,中,2.004321374,#东京奥运会 这届奥运会竟然要空场举行？#奥运会 #财经#日本 @DOU+小助手,其他机构或个人自媒体,2.915927212,短期,1,2.593286067,1.079181246
热议,非传统话题,要素解读,中,0.954242509,日媒8日报道：日本专家推算#东京奥运会如空场日本将损失1450亿 包括观众和参与者消费，周边商品销售损失等等,其他机构或个人自媒体,7.683434307,即时性,1,5.62324929,2.356025857
热议,非传统话题,要素解读,负,0.84509804,伦敦市长候选人：伦敦代替东京举办。东京：不合适。东京强调奥运会不会取消。,非授权商业媒体,7.236083585,即时性,1,5.432969291,4.176091259
热议,非传统话题,要素解读,中,1.908485019,#东京奥运会乒乓球赛出新规，刘国梁感叹太难！包揽5金目标不变！,其他机构或个人自媒体,5.56937391,短期,1,5.283301229,4.113943352
热议,非传统话题,要素解读,中,0.84509804,第322集 | #东京奥组委多名理事同意奥运会推迟至2022年 若通过，夏季奥运会和冬季奥运会将同年举办   #之声头条,其他机构或个人自媒体,6.722140125,即时性,1,5.113943352,2.086359831
热议,非传统话题,要素解读,中,2.50242712,#东京奥运会  #乒乓球  #规则  #刘国梁  #新冠肺炎,体育专业媒体,5.686636269,短期,1,5.089905111,2.23299611
热议,非传统话题,要素解读,中,2.301029996,奥运会开幕在即！韩国四个举动激怒日本，日本网友：专门恶心人,非授权商业媒体,6.989138224,短期,1,5.056904851,2.041392685
热议,非传统话题,要素解读,中,1.278753601,定了！奥运会期间，东京所有的比赛将空场进行。,主办方及授权传播主体,7.462832075,短期,1,5.041392685,2.267171728
热议,非传统话题,要素解读,中,0.77815125,东京奥组委与国际奥委会等五方举行会谈后正式宣布：不接待国外观众！,其他机构或个人自媒体,7.407883562,短期,1,4.973127854,2.209515015
热议,非传统话题,要素解读,中,1,#东京奥运会倒计时1天 长风破浪会有时，直挂云帆济沧海。勇攀高峰吧！还有1天，我们就是一起冒险的伙伴了 #东京奥运会,主办方及授权传播主体,5.285557309,短期,1,4.908485019,3.476686743
热议,非传统话题,要素解读,中,1.113943352,担心东京奥运会空场太冷清？日本或放机器人当观众……#夺冠2021,非授权商业媒体,6.413467413,短期,1,4.880813592,2.123851641
热议,非传统话题,要素解读,负,1.113943352,"7月22日讯 , #东京奥运排球馆射击馆没空调, 室温达30度左右 郎平:担心队员出汗多, 湿滑受伤 !",其他机构或个人自媒体,6.295127085,短期,1,4.785329835,2
非热议,非传统话题,要素解读,负,1.079181246,日本东京奥运会举办在即，美国务院警告美国民众：勿前往日本！,非授权商业媒体,7.379722385,短期,1,4.763427994,1.977723605
热议,非传统话题,突发事件,负,0.77815125,距离开幕式只剩一天！东京奥运会开闭幕式节目导演被辞退！#东京奥运会,主办方及授权传播主体,7.559858766,短期,1,4.716003344,2.117271296
热议,非传统话题,要素解读,负,2.127104798,日本赌国运失败？东京奥运会损失千亿人民币，女官员潸然泪下,其他机构或个人自媒体,5.720159303,短期,1,4.672097858,2.06069784
热议,非传统话题,要素解读,中,1.113943352,按照美国电视转播商的要求，东京奥运会游泳决赛将在北美时间晚上、日本时间早上进行，网友：这是转播权还是赛程安排权？,非授权商业媒体,6.983581187,短期,1,4.653212514,2.045322979
热议,非传统话题,赛事周边,负,1.230448921,东京奥运会惊人巨型人偶、发光人头，网友神评论！#视角震撼 #东京奥运会,其他机构或个人自媒体,3.587374172,即时性,1,4.568201724,3.375846436
热议,传统话题,要素解读,正,1.672097858,打卡东京奥运会开幕式会场，祖国奥运健儿们加油！ #小宇带你游日本  #东京奥运会,其他机构或个人自媒体,6.834738519,即时性,1,4.556302501,2.811575006
热议,传统话题,明星团队,负,1,孙杨重案宣判，8年禁赛减为四年三个月，将无缘东京奥运会,非授权商业媒体,6.970021266,长期,1,5.086359831,2.086359831
非热议,传统话题,明星团队,负,1.322219295,#孙杨无缘东京奥运 #孙杨禁赛结果,其他机构或个人自媒体,5.338456494,长期,1,1.491361694,0.301029996
非热议,传统话题,明星团队,负,1.079181246,孙杨已委托律师提起上诉！,其他机构或个人自媒体,6.324693914,即时性,1,4.591064607,1.84509804
热议,传统话题,明星团队,负,1.69019608,孙杨二次听证会结果：禁赛4年，获“减刑”仍无缘东京奥运！#孙杨,其他机构或个人自媒体,4.505149978,长期,1,3.191730393,2.053078443
热议,传统话题,明星团队,负,1.176091259,6月22日国际体育仲裁法庭宣布：中国游泳奥运冠军孙杨的8年禁赛减为4年3个月。孙杨无缘东京奥运会,非授权商业媒体,7.316808752,长期,1,4.633468456,2.079181246
非热议,传统话题,明星团队,负,1.146128036,#孙杨8年禁赛减为4年3个月 无缘东京奥运会,主办方及授权传播主体,7.3555856,长期,1,4.62324929,1.995635195
非热议,传统话题,明星团队,负,1.079181246,惋惜！#孙杨无缘东京奥运会 8年禁赛减为4年3个月……,其他机构或个人自媒体,5.424881637,长期,1,1.913813852,0.301029996
非热议,传统话题,明星团队,负,1.633468456,#孙杨被禁赛4年3个月 无缘东京奥运会，孙杨：我会熬到巴黎奥运会（四）,非授权商业媒体,6.98376156,长期,1,4.204119983,1.414973348
非热议,传统话题,明星团队,负,1.176091259,孙杨无缘东京奥运会！ 8年禁赛减为4年3个月 #孙杨禁赛  #孙杨  #东京奥运会,体育专业媒体,4.892094603,长期,1,2.025305865,0
非热议,传统话题,明星团队,负,1.301029996,无缘东京奥运会！美国飞人科尔曼被禁赛2年 #科尔曼 #田径,其他机构或个人自媒体,6.450249108,短期,1,2.546542663,1.414973348
非热议,传统话题,明星团队,负,1.322219295,孙杨被改判禁赛4年3个月，无缘东京奥运会。#孙杨 #禁赛8年 #改判4年零3个月,其他机构或个人自媒体,2.514547753,长期,1,1.591064607,0
非热议,传统话题,明星团队,负,1.204119983,第185集 | #孙杨8年禁赛减为4年3个月 ，无缘东京奥运会！孙杨称没有一刻放弃过训练！,非授权商业媒体,6.737907923,长期,1,3.167021796,1.113943352
非热议,传统话题,明星团队,负,0.698970004,孙杨案重审宣判：8年禁赛减为4年3个月。无缘东京奥运会！#孙杨 #东京奥运会,其他机构或个人自媒体,6.186673867,长期,1,2.980003372,0.602059991
非热议,传统话题,明星团队,负,1.944482672,孙杨案重审后被禁赛4年零3个月 无缘东京奥运会 90秒看事件始末,主办方及授权传播主体,5.10720997,长期,1,1.716003344,0
热议,传统话题,明星团队,负,0.903089987,孙杨听证会宣判！被禁赛八年 无缘东京奥运会！#孙杨听证会 #孙杨禁赛 #东京奥运会,体育专业媒体,5.803457116,即时性,1,3.643650038,2.957128198
热议,传统话题,明星团队,负,0.954242509,孙杨听证会宣判！被禁赛八年 无缘东京奥运会,其他机构或个人自媒体,5.916453949,即时性,1,3.857392811,2.004321374
非热议,传统话题,明星团队,负,0.84509804,#孙杨 重案宣判：8年禁赛减为4年3个月，无缘#东京奥运会,其他机构或个人自媒体,5.983626287,长期,1,2.5289167,1.176091259
非热议,传统话题,明星团队,负,1.079181246,孙杨禁赛减为4年3个月 无缘东京奥运,其他机构或个人自媒体,6.030599722,长期,1,2.089905111,0.301029996
非热议,传统话题,明星团队,负,1.204119983,#孙杨禁赛期缩减至4年零3个月 无缘东京奥运会,非授权商业媒体,5.923244019,长期,1,1.748188027,0
非热议,传统话题,明星团队,负,0.84509804,禁赛8年改成4年3个月，孙扬无缘东京奥运会,其他机构或个人自媒体,5.748188027,长期,1,3.252853031,1.556302501
热议,传统话题,明星团队,负,0.84509804,22日晚，#国际体育仲裁法庭宣布，#孙杨 8年禁赛期减为4年零3个月。这意味着孙杨将无缘#东京奥运！,其他机构或个人自媒体,6.194514342,长期,1,4.146128036,2.184691431
非热议,传统话题,明星团队,负,1.079181246,孙杨案重审宣判：8年禁赛减为4年3个月，无缘东京奥运。#奥运会 #孙杨 #禁赛 #东京奥运会 #抖音小助手,其他机构或个人自媒体,5.740362689,长期,1,2.235528447,1.278753601
热议,传统话题,赛事周边,中,1.748188027,美少女怎样逛日本东京？适合闺蜜的逛街指南 #日本 #东京 #日本女生,其他机构或个人自媒体,5.781755375,长期,1,4.176091259,3.062581984
非热议,传统话题,赛事周边,中,1.968482949,日本玩什么第2集|东京周边看日出的绝绝子海滩。@DOU+小助手 #日本 #旅行 #带你去看海 #日出,其他机构或个人自媒体,2.428134794,长期,1,2.575187845,0.602059991
非热议,传统话题,赛事周边,中,2.089905111,同时享受浪漫樱花和绝美海景！东京周边，三浦海岸旅游攻略 #海外生活 #日本旅行 #东京旅行 #樱花季 #看大海,其他机构或个人自媒体,1.86923172,长期,1,2.012837225,1
非热议,传统话题,赛事周边,中,2.089905111,日本玩什么 | 新手如何玩转东京迪士尼Land#日本 #旅游 #迪士尼,其他机构或个人自媒体,2.428134794,长期,1,2.546542663,0.698970004
热议,传统话题,赛事周边,中,1.913813852,周末的东京银座#日本 #东京 #银座,其他机构或个人自媒体,5.857935265,长期,1,3.475816413,2.257678575
非热议,传统话题,赛事周边,中,2.267171728,木木在东京25廉蒼之行#抖音小助手 #dou上热门 #日常vlog #日本 #美食 @DOU+小助手,其他机构或个人自媒体,3.140193679,长期,1,1.447158031,0.477121255
非热议,传统话题,赛事周边,中,1.986771734,日本玩什么第3集|去国营日立海滨公园看春天吧！@DOU+小助手 #日本 #旅行 #春天,其他机构或个人自媒体,2.428134794,长期,1,1.602059991,0
热议,传统话题,赛事周边,中,1.698970004,第111集 | 去日本玩的小tips，先看这里可以帮你省下1个亿（下） #日本 #小tips#美食分享官 @DOU+小助手,其他机构或个人自媒体,5.51851394,长期,1,4.204119983,2.365487985
热议,传统话题,赛事周边,中,1.740362689,伊豆岛太适合打卡拍照了 风景特别美 周末很多日本人也都喜欢周边旅游,其他机构或个人自媒体,6.249442961,长期,1,4.176091259,2.665580991
热议,传统话题,赛事周边,中,1.903089987,想放松的时候，不妨来一场一个人的旅行吧#东京 #护肤 #旅行 #日本,其他机构或个人自媒体,5.380211242,长期,1,3.843793198,2.589949601
热议,传统话题,赛事周边,中,1.579783597,浴衣配风铃，这才是日本动漫般的夏天！祈求恋爱的圣地！#日本#日本旅行 #风铃 #治愈系风景 #夏天,其他机构或个人自媒体,4.431363764,长期,1,3.736476182,2.487138375
热议,传统话题,赛事周边,中,1.785329835,环游日本的旅行开始了！ #旅行  #日本  #日本生活  #日本女生,其他机构或个人自媒体,6.534406899,长期,1,4.079181246,2.167317335
热议,传统话题,赛事周边,中,2.130333768,京都一日游必逛景点安利#旅行vlog #探店 #arabica#日本生活,其他机构或个人自媒体,5.086359831,长期,1,3.581266805,2.506505032
热议,传统话题,赛事周边,中,1.69019608,东京池袋发滑翔伞 满15人随时发 期待和您一起去旅行#旅行大玩家 #滑翔伞,其他机构或个人自媒体,3.523876476,长期,1,3.255995727,2.77524626
非热议,传统话题,赛事周边,中,2.012837225,第74集 | #季老湿在东京 后台有粉丝问，什么时候可以去东京旅游？,其他机构或个人自媒体,4.919078092,长期,1,2.931966115,1.380211242
非热议,传统话题,赛事周边,中,1.819543936,日本玩什么第1集|东京一日来回，体验富士山巨物压镇的美景@DOU+小助手 #日本 #旅行 #富士山,其他机构或个人自媒体,2.428134794,长期,1,1.278753601,0.477121255
热议,传统话题,赛事周边,中,1.785329835,银山温泉一天两夜的大正浪漫之旅包裹住了满满的幸福～ #探店  #日本  #温泉,其他机构或个人自媒体,6.538196578,长期,1,5.51851394,4.255272505
热议,传统话题,赛事周边,中,1.113943352,一切就像在昨天，一切又好像遥遥无期。#小宇带你游日本 #旅行大玩家,其他机构或个人自媒体,6.834293512,长期,1,5.545307116,4.322219295
热议,传统话题,赛事周边,中,1.662757832,等春暖花开都出来走走吧~#日本 #旅游 #生活,其他机构或个人自媒体,6.725176301,长期,1,4.62324929,3.071513805
热议,传统话题,赛事周边,中,2.113943352,现实中的童话世界，日本银山温泉 #日本旅游  #日本温泉  #千与千寻  #银山温泉  @抖音小助手,其他机构或个人自媒体,5.416640507,长期,1,3.708335903,2.075546961
热议,传统话题,赛事周边,中,1.505149978,你们等了很久的日本动漫旅行线路来啦！想带谁一起来看看呢？！#小宇带你游日本,其他机构或个人自媒体,6.834293512,长期,1,5.08278537,3.389520466
